fdc_id,name,category,food_group,meal_type,source,calories,protein,carbs,fat,fiber,sugar,sodium,calcium,iron,protein_pct,carbs_pct,fat_pct,protein_density,calorie_level,health_score,is_high_protein,diabetic_friendly,low_sodium
INT373,أخطبوط مسلوق,أسماك,بروتين,غداء، عشاء,قياسي,82,15.0,2.2,1.0,0.0,0.0,230,22,5.3,73.2,10.7,11.0,18.29,منخفض,59.2,True,True,False
INT060,أرز أبيض مسلوق,حبوب,نشويات,غداء، عشاء,قياسي,130,2.7,28.2,0.3,0.4,0.1,1,10,0.2,8.3,86.8,2.1,2.08,متوسط,45.3,False,True,True
INT378,أرز أحمر مطهو,حبوب,نشويات,غداء,قياسي,140,3.5,30.0,1.0,3.0,0.5,5,12,1.4,10.0,85.7,6.4,2.5,متوسط,54.8,False,False,True
INT062,أرز أسمر مسلوق,حبوب,نشويات,غداء، عشاء,قياسي,111,2.6,23.0,0.9,1.8,0.4,5,10,0.4,9.4,82.9,7.3,2.34,متوسط,49.3,False,True,True
INT293,أرز أسود مطهو,حبوب,نشويات,غداء,قياسي,145,4.5,32.0,1.0,3.5,0.5,5,10,1.5,12.4,88.3,6.2,3.1,متوسط,58.4,False,False,True
INT216,أرز بالحليب (رز بلبن),حلويات,ألبان,حلوى، عشاء,قياسي,111,3.2,18.5,2.8,0.1,12.0,48,110,0.2,11.5,66.7,22.7,2.88,متوسط,27.2,False,False,True
LBY079,أرز بالخلطة (بدون مكسرات مقلية),أطباق أرز,نشويات,غداء,وصفة تقديرية,185,6.5,32.4,4.2,1.8,2.5,210,18,1.3,14.1,70.1,20.4,3.51,متوسط,50.2,False,False,False
INT379,أرز بري مطهو,حبوب,نشويات,غداء,قياسي,101,4.0,21.0,0.3,1.8,0.7,3,3,0.6,15.8,83.2,2.7,3.96,متوسط,52.9,False,True,True
INT450,أرز بسمتي بالزعفران,أطباق أرز,نشويات,غداء,وصفة تقديرية,135,3.2,28.5,0.8,0.6,0.1,120,15,0.4,9.5,84.4,5.3,2.37,متوسط,47.3,False,True,True
INT063,أرز بسمتي مسلوق,حبوب,نشويات,غداء، عشاء,قياسي,121,3.5,25.2,0.4,0.5,0.1,1,12,0.3,11.6,83.3,3.0,2.89,متوسط,48.1,False,True,True
LBY012,أرز مسقي ليبي,أطباق أرز,نشويات,غداء,وصفة تقديرية,194,7.2,25.8,6.8,1.5,3.2,260,21,1.4,14.8,53.2,31.5,3.71,متوسط,48.1,False,True,False
INT433,أعشاب بحرية (نوري),خضروات,خضار,سناك، غداء,قياسي,35,5.8,5.1,0.3,0.3,0.5,48,70,2.0,66.3,58.3,7.7,16.57,منخفض,50.0,False,True,True
INT166,أفوكادو طازج,فواكه,دهون,فطور، سناك، عشاء,قياسي,160,2.0,8.5,14.7,6.7,0.7,7,12,0.6,5.0,21.2,82.7,1.25,متوسط,50.6,False,True,True
INT310,أفوكادو مشوي,فواكه,دهون,فطور، عشاء,قياسي,167,2.1,8.5,15.5,6.7,0.7,10,12,0.6,5.0,20.4,83.5,1.26,متوسط,50.8,False,True,True
INT428,أكي (فواكه استوائية),فواكه,فواكه,سناك,قياسي,70,2.0,15.0,5.0,4.0,1.0,10,20,0.5,11.4,85.7,64.3,2.86,منخفض,47.8,False,True,True
INT153,أناناس طازج,فواكه,فواكه,سناك,قياسي,50,0.5,13.1,0.1,1.4,9.9,1,13,0.3,4.0,100.0,1.8,1.0,منخفض,26.3,False,False,True
INT353,أناناس مجمد,فواكه,فواكه,سناك,قياسي,50,0.5,13.1,0.1,1.4,9.9,1,13,0.3,4.0,100.0,1.8,1.0,منخفض,26.3,False,False,True
INT260,أندومي (نودلز فورية),معجنات,نشويات,عشاء، سناك,قياسي,450,9.0,60.0,18.0,2.5,1.5,1200,20,3.5,8.0,53.3,36.0,2.0,عالي جداً,54.7,False,False,False
INT057,أومليت سادة,بيض,بروتين,فطور، عشاء,قياسي,154,10.5,0.6,11.8,0.0,0.5,155,51,1.1,27.3,1.6,69.0,6.82,متوسط,48.3,False,True,False
INT157,إجاص (كمثرى),فواكه,فواكه,سناك,قياسي,57,0.4,15.2,0.1,3.1,9.8,1,9,0.2,2.8,100.0,1.6,0.7,منخفض,30.7,False,False,True
INT291,إيدامامي (فول صويا أخضر),بقوليات,بروتين,سناك,قياسي,122,11.0,10.0,5.0,5.0,2.2,6,63,2.3,36.1,32.8,36.9,9.02,متوسط,63.3,False,True,True
INT336,بابا غنوج (بدون زيت زائد),مقبلات,خضار,فطور، غداء، عشاء,وصفة تقديرية,60,1.5,6.5,3.5,3.0,3.2,180,25,0.8,10.0,43.3,52.5,2.5,منخفض,39.7,False,True,False
INT427,بابايا,فواكه,فواكه,سناك,قياسي,43,0.5,10.8,0.3,1.7,7.8,8,20,0.3,4.7,100.0,6.3,1.16,منخفض,28.3,False,False,True
INT118,باذنجان مشوي,خضروات,خضار,غداء، عشاء,قياسي,25,1.0,5.9,0.2,3.0,3.5,2,9,0.2,16.0,94.4,7.2,4.0,منخفض,39.8,False,True,True
INT179,باذنجان مقلي,خضروات,خضار,غداء، عشاء,قياسي,189,1.0,12.5,15.8,3.4,3.2,240,15,0.6,2.1,26.5,75.2,0.53,متوسط,34.8,False,True,False
INT128,بازلاء خضراء مسلوقة,خضروات,نشويات,غداء، عشاء,قياسي,81,5.4,14.5,0.4,5.1,5.7,5,25,1.5,26.7,71.6,4.4,6.67,منخفض,55.0,False,False,True
LBY001,بازين (شعير تقليدي),أطباق تقليدية,نشويات,غداء,وصفة تقديرية,165,5.3,30.4,2.1,4.8,0.7,220,18,1.5,12.8,73.7,11.5,3.21,متوسط,60.6,False,False,False
INT126,باميا بالصلصة,خضروات,خضار,غداء,قياسي,60,2.1,9.5,2.5,3.2,2.4,280,82,0.6,14.0,63.3,37.5,3.5,منخفض,44.6,False,True,False
INT389,بامية مسلوقة,خضروات,خضار,غداء، عشاء,قياسي,33,1.9,7.5,0.2,3.2,1.5,7,82,0.6,23.0,90.9,5.5,5.76,منخفض,48.2,False,True,True
INT423,بخارة (برقوق),فواكه,فواكه,سناك,قياسي,46,0.7,11.4,0.3,1.4,9.9,0,6,0.2,6.1,99.1,5.9,1.52,منخفض,27.4,False,False,True
INT313,بذور السمسم,مكسرات,دهون,سناك، فطور,قياسي,573,17.7,23.4,49.7,11.8,0.3,11,975,14.6,12.4,16.3,78.1,3.09,عالي جداً,76.1,True,True,True
INT276,بذور الشيا,بذور,دهون,فطور، سناك,قياسي,486,16.5,42.1,30.7,34.4,0.0,16,631,7.7,13.6,34.7,56.9,3.4,عالي جداً,87.8,True,False,True
INT314,بذور القنب (Hemp Seeds),مكسرات,بروتين,فطور، سناك,قياسي,553,31.6,8.7,48.8,4.0,1.5,5,70,8.0,22.9,6.3,79.4,5.71,عالي جداً,69.9,True,True,True
INT277,بذور الكتان,بذور,دهون,فطور، سناك,قياسي,534,18.3,28.9,42.2,27.3,1.5,30,255,5.7,13.7,21.6,71.1,3.43,عالي جداً,80.6,True,True,True
INT419,بذور اليقطين مشوية,مكسرات,دهون,سناك,قياسي,574,29.8,14.7,49.1,6.5,1.3,7,52,8.1,20.8,10.2,77.0,5.19,عالي جداً,73.6,True,True,True
INT418,بذور دوار الشمس (بدون ملح),مكسرات,دهون,سناك,قياسي,584,20.8,20.0,51.5,8.6,2.6,9,78,5.3,14.2,13.7,79.4,3.56,عالي جداً,69.0,True,True,True
INT312,بذور دوار الشمس (مقشر),مكسرات,دهون,سناك,قياسي,584,20.8,20.0,51.5,8.6,2.6,9,78,5.3,14.2,13.7,79.4,3.56,عالي جداً,69.0,True,True,True
INT142,بذور عباد الشمس,مكسرات,دهون,سناك,قياسي,584,20.8,20.0,51.5,8.6,2.6,9,78,5.3,14.2,13.7,79.4,3.56,عالي جداً,69.0,True,True,True
INT307,براعم البروكلي,خضروات,خضار,سناك، غداء,قياسي,35,3.0,5.0,0.5,3.0,1.5,15,40,0.8,34.3,57.1,12.9,8.57,منخفض,51.0,False,True,True
LBY013,براك (ورق عنب),مقبلات,خضار,غداء، عشاء,وصفة تقديرية,145,4.2,16.8,7.3,2.4,1.8,310,42,1.8,11.6,46.3,45.3,2.9,متوسط,47.9,False,True,False
INT111,برتقال,فواكه,فواكه,سناك,قياسي,47,0.9,11.8,0.1,2.4,9.4,0,40,0.1,7.7,100.0,1.9,1.91,منخفض,32.8,False,False,True
LBY015,برغل بالبصلة,أطباق حبوب,نشويات,غداء,وصفة تقديرية,155,6.5,24.8,3.8,4.2,1.1,285,22,1.7,16.8,64.0,22.1,4.19,متوسط,59.3,False,True,False
INT322,برغل خشن مطهو,حبوب,نشويات,غداء، عشاء,قياسي,83,3.0,18.5,0.2,4.5,0.1,5,10,1.0,14.5,89.2,2.2,3.61,منخفض,59.5,False,True,True
INT073,برغل مطهو,حبوب,نشويات,غداء، عشاء,قياسي,83,3.1,18.6,0.2,4.5,0.1,5,10,1.0,14.9,89.6,2.2,3.73,منخفض,59.8,False,True,True
INT398,بروكلي بالبخار,خضروات,خضار,غداء، عشاء,قياسي,35,2.4,6.6,0.4,2.6,1.7,33,47,0.7,27.4,75.4,10.3,6.86,منخفض,47.8,False,True,True
INT121,بروكلي مسلوق,خضروات,خضار,غداء، عشاء,قياسي,35,2.4,7.2,0.4,3.3,1.7,33,47,0.7,27.4,82.3,10.3,6.86,منخفض,49.5,False,True,True
INT122,بروكلي مشوي,خضروات,خضار,غداء، عشاء,قياسي,55,2.8,8.4,2.5,3.5,1.5,45,52,0.8,20.4,61.1,40.9,5.09,منخفض,49.5,False,True,True
LBY041,بسبوسة ليبية,حلويات,حلويات,حلوى,وصفة تقديرية,320,4.5,48.0,12.5,1.2,34.0,150,65,0.9,5.6,60.0,35.2,1.41,مرتفع,28.1,False,False,False
INT364,بسكويت القمح الكامل,حلويات,نشويات,سناك,قياسي,440,7.5,65.0,16.5,6.5,18.0,410,50,2.5,6.8,59.1,33.8,1.7,مرتفع,48.1,False,False,False
INT212,بسكويت شاي,حلويات,حلويات,سناك,قياسي,440,7.0,72.0,14.0,2.1,20.0,380,35,1.8,6.4,65.5,28.6,1.59,مرتفع,38.6,False,False,False
LBY006,بسيسة ليبية,فطور,نشويات,فطور، سناك,وصفة تقديرية,402,13.8,58.4,11.5,9.1,2.9,8,54,4.3,13.7,58.1,25.7,3.43,مرتفع,67.8,False,False,True
INT116,بصل (طازج),خضروات,خضار,غداء، عشاء,قياسي,40,1.1,9.3,0.1,1.7,4.2,4,23,0.2,11.0,93.0,2.2,2.75,منخفض,35.9,False,True,True
INT400,بصل مشوي,خضروات,خضار,غداء، عشاء,قياسي,44,1.2,10.1,0.1,1.7,4.3,4,23,0.2,10.9,91.8,2.0,2.73,منخفض,36.4,False,True,True
INT405,بطاطا حلوة مسلوقة,خضروات,نشويات,فطور، غداء، سناك,قياسي,76,1.6,17.7,0.1,2.5,5.7,27,27,0.5,8.4,93.2,1.2,2.11,منخفض,39.4,False,False,True
INT082,بطاطا حلوة مشوية,خضروات,نشويات,فطور، سناك,قياسي,90,2.0,20.7,0.2,3.3,6.5,36,38,0.7,8.9,92.0,2.0,2.22,منخفض,42.2,False,False,True
INT077,بطاطا مسلوقة,خضروات,نشويات,غداء، عشاء,قياسي,87,1.9,20.1,0.1,1.8,0.9,4,5,0.3,8.7,92.4,1.0,2.18,منخفض,46.2,False,True,True
INT078,بطاطا مشوية,خضروات,نشويات,غداء، عشاء,قياسي,93,2.5,21.2,0.1,2.2,0.8,10,15,1.1,10.8,91.2,1.0,2.69,منخفض,50.0,False,True,True
INT181,بطاطا مشوية بالفرن,خضروات,نشويات,غداء، عشاء,قياسي,93,2.5,21.1,0.1,2.2,1.2,10,15,1.1,10.8,90.8,1.0,2.69,منخفض,48.8,False,True,True
INT080,بطاطا مقلية,خضروات,نشويات,سناك، غداء,قياسي,312,3.4,41.4,14.7,3.8,0.3,210,18,0.8,4.4,53.1,42.4,1.09,مرتفع,52.2,False,False,False
INT258,بطاطس شيبس (أكياس),سناكس,نشويات,سناك,قياسي,536,7.0,53.0,35.0,4.8,0.5,550,25,1.6,5.2,39.6,58.8,1.31,عالي جداً,58.3,False,False,False
INT264,بطاطس مهروسة سادة,خضروات,نشويات,غداء، عشاء,قياسي,85,2.0,18.0,0.2,2.1,1.0,5,12,0.4,9.4,84.7,2.1,2.35,منخفض,47.0,False,True,True
INT149,بطيخ أحمر (دلاع),فواكه,فواكه,سناك,قياسي,30,0.6,7.6,0.2,0.4,6.2,1,7,0.2,8.0,100.0,6.0,2.0,منخفض,24.2,False,False,True
INT175,بقدونس طازج,خضروات,خضار,غداء، عشاء,قياسي,36,3.0,6.3,0.8,3.3,0.8,56,138,6.2,33.3,70.0,20.0,8.33,منخفض,53.3,False,True,True
LBY039,بكلاوة ليبية,حلويات,حلويات,حلوى,وصفة تقديرية,540,6.5,48.0,36.5,2.5,32.0,120,45,1.5,4.8,35.6,60.8,1.2,عالي جداً,34.1,False,False,True
INT375,بلح البحر (كوزا) مطهو,أسماك,بروتين,غداء، عشاء,قياسي,172,24.0,7.4,4.5,0.0,0.0,370,33,6.7,55.8,17.2,23.5,13.95,متوسط,62.1,True,True,False
INT180,بنجر (شمندر) مسلوق,خضروات,خضار,سناك، غداء,قياسي,44,1.7,10.0,0.2,2.0,7.9,77,16,0.7,15.5,90.9,4.1,3.86,منخفض,36.5,False,False,True
INT416,بندق مشوي,مكسرات,دهون,سناك,قياسي,646,15.0,17.6,62.4,9.4,4.9,0,114,4.5,9.3,10.9,86.9,2.32,عالي جداً,62.7,True,True,True
INT327,بندق نيء,مكسرات,دهون,سناك,قياسي,628,15.0,16.7,60.8,9.7,4.3,0,114,4.7,9.6,10.6,87.1,2.39,عالي جداً,63.7,True,True,True
INT267,بهارات مشكلة (بزار),مكونات,خضار,غداء,قياسي,300,10.0,50.0,10.0,20.0,1.5,50,450,15.0,13.3,66.7,30.0,3.33,مرتفع,74.3,False,False,True
LBY055,بوريك جبنة (ليبي),مقبلات,ألبان,سناك، عشاء,وصفة تقديرية,250,9.5,22.0,14.5,1.0,1.8,450,180,1.2,15.2,35.2,52.2,3.8,مرتفع,49.7,False,True,False
INT219,بوظة (آيس كريم) فانيليا,حلويات,ألبان,حلوى,قياسي,207,3.5,24.0,11.0,0.7,21.0,80,128,0.1,6.8,46.4,47.8,1.69,متوسط,26.3,False,False,True
INT297,بياض بيض مطهو,بيض,بروتين,فطور، عشاء,قياسي,52,11.0,0.7,0.2,0.0,0.7,165,7,0.1,84.6,5.4,3.5,21.15,منخفض,53.8,False,True,False
INT261,بيتزا مارغريتا,معجنات,نشويات,غداء، عشاء,قياسي,250,10.0,30.0,10.0,2.2,2.5,550,180,1.5,16.0,48.0,36.0,4.0,مرتفع,54.2,False,False,False
INT412,بيض سمان مسلوق,بيض,بروتين,فطور,قياسي,158,13.1,0.4,11.1,0.0,0.4,141,64,3.7,33.2,1.0,63.2,8.29,متوسط,51.3,False,True,False
INT189,بيض عين مقلي,بيض,بروتين,فطور، عشاء,قياسي,190,13.0,0.8,14.5,0.0,0.8,180,55,1.3,27.4,1.7,68.7,6.84,متوسط,49.1,False,True,False
INT051,بيض مسلوق,بيض,بروتين,فطور، سناك,قياسي,155,12.6,1.1,10.6,0.0,1.1,124,50,1.2,32.5,2.8,61.5,8.13,متوسط,48.6,False,True,True
INT053,بيض مقلي,بيض,بروتين,فطور، عشاء,قياسي,196,13.6,0.9,14.8,0.0,0.9,180,55,1.3,27.8,1.8,68.0,6.94,متوسط,49.3,False,True,False
INT413,بيض نعام مطهو,بيض,بروتين,فطور,قياسي,145,12.5,0.7,10.0,0.0,0.7,150,55,1.5,34.5,1.9,62.1,8.62,متوسط,49.9,False,True,False
INT334,تبولة (برغل قليل وزيت قليل),سلطات,خضار,غداء، عشاء,وصفة تقديرية,65,2.1,8.5,3.0,2.8,1.8,110,35,2.5,12.9,52.3,41.5,3.23,منخفض,44.5,False,True,True
INT184,ترمس مسلوق,بقوليات,بروتين,سناك,قياسي,119,15.6,9.9,2.9,2.8,0.5,4,51,1.2,52.4,33.3,21.9,13.11,متوسط,68.4,True,True,True
INT109,تفاح (بالقشر),فواكه,فواكه,سناك,قياسي,52,0.3,13.8,0.2,2.4,10.4,1,6,0.1,2.3,100.0,3.5,0.58,منخفض,27.5,False,False,True
INT108,تمر (خضاري/دجلة),فواكه,فواكه,فطور، سناك، حلوى,قياسي,277,1.8,75.0,0.2,6.7,66.5,1,64,0.9,2.6,100.0,0.6,0.65,مرتفع,33.9,False,False,True
INT161,توت أزرق,فواكه,فواكه,سناك,قياسي,57,0.7,14.5,0.3,2.4,10.0,1,6,0.3,4.9,100.0,4.7,1.23,منخفض,30.7,False,False,True
INT420,توت أزرق (بلوبيري),فواكه,فواكه,سناك,قياسي,57,0.7,14.5,0.3,2.4,10.0,1,6,0.3,4.9,100.0,4.7,1.23,منخفض,30.7,False,False,True
INT308,توت أسود (Blackberries),فواكه,فواكه,سناك,قياسي,43,1.4,9.6,0.5,5.3,4.9,1,29,0.6,13.0,89.3,10.5,3.26,منخفض,44.1,False,True,True
INT421,توت العليق (رازبيري),فواكه,فواكه,سناك,قياسي,52,1.2,11.9,0.7,6.5,4.4,1,25,0.7,9.2,91.5,12.1,2.31,منخفض,45.0,False,True,True
INT351,توت العليق المجمد,فواكه,فواكه,سناك,قياسي,52,1.2,11.9,0.7,6.5,4.4,1,25,0.7,9.2,91.5,12.1,2.31,منخفض,45.0,False,True,True
INT309,توت بري (Cranberries),فواكه,فواكه,سناك,قياسي,46,0.4,12.2,0.1,4.6,4.0,2,8,0.3,3.5,100.0,2.0,0.87,منخفض,38.3,False,True,True
INT202,توست أبيض,مخبوزات,نشويات,فطور، عشاء,قياسي,265,9.0,49.0,3.2,2.7,5.0,490,100,3.3,13.6,74.0,10.9,3.4,مرتفع,53.6,False,False,False
INT203,توست أسمر (قمح كامل),مخبوزات,نشويات,فطور، عشاء,قياسي,247,13.0,41.0,3.4,7.0,6.0,400,160,2.5,21.1,66.4,12.4,5.26,متوسط,63.9,False,False,False
INT283,توفو (مكعبات مطهوة),نباتي,بروتين,غداء، عشاء,قياسي,85,8.0,2.0,5.0,1.0,0.0,10,350,1.5,37.6,9.4,52.9,9.41,منخفض,56.3,False,True,True
INT296,تونة بالماء (مصفاة),أسماك,بروتين,غداء، عشاء، سناك,قياسي,116,26.0,0.0,0.8,0.0,0.0,320,12,1.2,89.7,0.0,6.2,22.41,متوسط,65.7,True,True,False
INT191,تونة معلبة (بالزيت),أسماك,بروتين,غداء، عشاء,قياسي,198,24.0,0.0,11.2,0.0,0.0,380,13,1.4,48.5,0.0,50.9,12.12,متوسط,60.2,True,True,False
INT190,تونة معلبة (بالماء),أسماك,بروتين,غداء، عشاء، سناك,قياسي,116,25.5,0.0,0.8,0.0,0.0,350,11,1.5,87.9,0.0,6.2,21.98,متوسط,65.5,True,True,False
INT292,تيرميس مسلوق (بدون ملح),بقوليات,بروتين,سناك,قياسي,119,15.5,10.0,2.9,2.8,0.5,4,50,1.2,52.1,33.6,21.9,13.03,متوسط,68.3,True,True,True
INT426,تين شوكي (هندي),فواكه,فواكه,سناك,قياسي,41,0.7,9.6,0.5,3.6,0.0,5,56,0.3,6.8,93.7,11.0,1.71,منخفض,47.6,False,True,True
INT145,تين مجفف,فواكه,فواكه,سناك، فطور,قياسي,249,3.3,63.9,0.9,9.8,47.9,10,162,2.0,5.3,100.0,3.3,1.33,متوسط,43.1,False,False,True
INT117,ثوم (طازج),خضروات,خضار,غداء، عشاء,قياسي,149,6.4,33.1,0.5,2.1,1.0,17,181,1.7,17.2,88.9,3.0,4.3,متوسط,57.3,False,False,True
INT403,ثوم مشوي,خضروات,خضار,غداء، عشاء,قياسي,149,6.4,33.1,0.5,2.1,1.0,17,181,1.7,17.2,88.9,3.0,4.3,متوسط,57.3,False,False,True
INT104,جبنة بيضاء (فيتا),ألبان,ألبان,فطور، عشاء,قياسي,264,14.2,4.1,21.3,0.0,4.1,917,493,0.7,21.5,6.2,72.6,5.38,مرتفع,43.0,False,True,False
INT185,جبنة شيدر,ألبان,ألبان,فطور، عشاء، سناك,قياسي,403,24.9,1.3,33.1,0.0,0.5,621,721,0.7,24.7,1.3,73.9,6.18,مرتفع,55.7,True,True,False
INT282,جبنة قريش,ألبان,ألبان,فطور، عشاء,قياسي,98,11.1,3.4,4.3,0.0,2.7,364,83,0.1,45.3,13.9,39.5,11.33,منخفض,45.6,False,True,False
INT406,جبنة قريش (منزوعة الدسم),ألبان,ألبان,فطور، عشاء,قياسي,72,12.4,2.7,1.0,0.0,2.7,405,61,0.1,68.9,15.0,12.5,17.22,منخفض,49.2,False,True,False
INT187,جبنة مثلثات,ألبان,ألبان,فطور، عشاء، سناك,قياسي,250,11.0,5.0,21.0,0.0,4.0,950,400,0.2,17.6,8.0,75.6,4.4,مرتفع,40.3,False,True,False
INT186,جبنة موزاريلا,ألبان,ألبان,عشاء,قياسي,280,22.2,2.2,17.1,0.0,1.0,627,505,0.4,31.7,3.1,55.0,7.93,مرتفع,54.2,True,True,False
INT320,جرانولا (منزلية منخفضة السكر),سناكس,نشويات,فطور، سناك,وصفة تقديرية,420,10.0,55.0,18.0,8.5,10.0,15,60,3.5,9.5,52.4,38.6,2.38,مرتفع,56.5,False,False,True
INT174,جرجير طازج,خضروات,خضار,غداء، عشاء,قياسي,25,2.6,3.7,0.7,1.6,2.1,27,160,1.5,41.6,59.2,25.2,10.4,منخفض,44.1,False,True,True
INT120,جزر (طازج),خضروات,خضار,سناك، غداء,قياسي,41,0.9,9.6,0.2,2.8,4.7,69,33,0.3,8.8,93.7,4.4,2.2,منخفض,37.2,False,True,True
INT392,جزر مسلوق,خضروات,خضار,غداء، عشاء,قياسي,35,0.8,8.2,0.2,3.0,3.5,58,30,0.3,9.1,93.7,5.1,2.29,منخفض,38.5,False,True,True
INT193,جمبري (روبيان) مشوي,أسماك,بروتين,غداء، عشاء,قياسي,99,24.0,0.2,0.3,0.0,0.0,705,70,0.5,97.0,0.8,2.7,24.24,منخفض,65.5,True,True,False
INT374,جمبري سوتيه (قليل الزيت),أسماك,بروتين,غداء، عشاء,قياسي,105,22.0,1.2,1.8,0.0,0.0,350,65,1.5,83.8,4.6,15.4,20.95,متوسط,62.7,True,True,False
INT298,جمبري مسلوق,أسماك,بروتين,غداء، عشاء,قياسي,99,24.0,0.2,0.3,0.0,0.0,700,70,0.5,97.0,0.8,2.7,24.24,منخفض,65.5,True,True,False
INT160,جوافة طازجة,فواكه,فواكه,سناك,قياسي,68,2.6,14.3,1.0,5.4,8.9,2,18,0.3,15.3,84.1,13.2,3.82,منخفض,45.4,False,False,True
INT138,جوز (عين جمل),مكسرات,دهون,سناك,قياسي,654,15.2,13.7,65.2,6.7,2.6,2,98,2.9,9.3,8.4,89.7,2.32,عالي جداً,62.8,True,True,True
INT417,جوز البرازيل,مكسرات,دهون,سناك,قياسي,656,14.3,12.3,66.4,7.5,2.3,3,160,2.4,8.7,7.5,91.1,2.18,عالي جداً,63.5,False,True,True
INT311,جوز بيكان (Pecan),مكسرات,دهون,سناك,قياسي,691,9.2,13.9,72.0,9.6,4.0,0,70,2.5,5.3,8.0,93.8,1.33,عالي جداً,58.1,False,True,True
INT429,جوز هند (لحم طازج),مكسرات,دهون,سناك,قياسي,354,3.3,15.2,33.5,9.0,6.2,20,14,2.4,3.7,17.2,85.2,0.93,مرتفع,46.8,False,False,True
INT218,جيلي (هلام),حلويات,حلويات,حلوى، سناك,قياسي,62,1.2,14.0,0.0,0.0,13.5,35,2,0.0,7.7,90.3,0.0,1.94,منخفض,21.1,False,False,True
INT447,جيلي فواكه طبيعي,حلويات,حلويات,حلوى، سناك,وصفة تقديرية,55,1.2,12.5,0.0,0.5,11.5,25,10,0.1,8.7,90.9,0.0,2.18,منخفض,25.8,False,False,True
INT225,حلاوة طحينية,حلويات,دهون,فطور، سناك,قياسي,516,12.0,53.0,30.0,5.0,45.0,195,350,4.5,9.3,41.1,52.3,2.33,عالي جداً,44.4,False,False,False
LBY081,حلبة ليبية (متبل),مقبلات,خضار,غداء، عشاء,وصفة تقديرية,95,4.5,10.2,4.8,3.8,1.1,180,65,2.8,18.9,42.9,45.5,4.74,منخفض,54.4,False,True,False
INT286,حليب جوز هند (مخفف),مشروبات,ألبان,فطور، سناك,قياسي,20,0.2,0.8,2.0,0.0,0.0,15,100,0.0,4.0,16.0,90.0,1.0,منخفض,27.2,False,True,True
INT287,حليب شوفان,مشروبات,ألبان,فطور، سناك,قياسي,45,1.0,7.0,1.5,0.8,3.5,45,120,0.2,8.9,62.2,30.0,2.22,منخفض,30.4,False,True,True
INT285,حليب صويا (بدون سكر),مشروبات,ألبان,فطور، سناك,قياسي,33,2.8,1.8,1.6,0.5,0.4,40,120,0.6,33.9,21.8,43.6,8.48,منخفض,43.2,False,True,True
INT409,حليب غنم,ألبان,ألبان,فطور، عشاء,قياسي,108,6.0,5.4,7.0,0.0,5.4,44,193,0.1,22.2,20.0,58.3,5.56,متوسط,34.8,False,False,True
INT102,حليب قليل الدسم,ألبان,ألبان,فطور، عشاء,قياسي,42,3.4,5.0,1.0,0.0,5.0,47,125,0.0,32.4,47.6,21.4,8.1,منخفض,33.0,False,False,True
INT101,حليب كامل الدسم,ألبان,ألبان,فطور، عشاء,قياسي,61,3.2,4.8,3.3,0.0,4.8,44,113,0.0,21.0,31.5,48.7,5.25,منخفض,30.8,False,True,True
INT284,حليب لوز (بدون سكر),مشروبات,ألبان,فطور، سناك,قياسي,15,0.6,0.6,1.1,0.3,0.0,70,180,0.2,16.0,16.0,66.0,4.0,منخفض,34.0,False,True,True
INT408,حليب ماعز,ألبان,ألبان,فطور، عشاء,قياسي,69,3.6,4.5,4.1,0.0,4.5,50,134,0.1,20.9,26.1,53.5,5.22,منخفض,31.8,False,True,True
INT096,حمص بطحينة,نباتي,بروتين,سناك، فطور,قياسي,166,7.9,14.3,9.6,6.0,0.3,380,38,2.4,19.0,34.5,52.0,4.76,متوسط,65.2,False,True,False
INT132,حمص مسلوق (بدون طحينة),بقوليات,بروتين,سناك، غداء,قياسي,164,8.9,27.4,2.6,7.6,4.8,7,49,2.9,21.7,66.8,14.3,5.43,متوسط,62.1,False,True,True
LBY069,حوت (سمك) مشوي بالتنور,أسماك,بروتين,غداء,وصفة تقديرية,110,23.5,0.0,1.8,0.0,0.0,95,35,0.8,85.5,0.0,14.7,21.36,متوسط,63.5,True,True,True
INT294,خبز الساوردو (خميرة طبيعية),مخبوزات,نشويات,فطور، عشاء,قياسي,240,8.5,48.0,1.2,2.5,1.5,520,30,2.1,14.2,80.0,4.5,3.54,متوسط,59.2,False,False,False
INT204,خبز فرنسي (باجيت),مخبوزات,نشويات,غداء، عشاء,قياسي,274,10.7,52.0,2.4,2.2,2.2,602,52,3.7,15.6,75.9,7.9,3.91,مرتفع,58.3,False,False,False
LBY052,خبزة تنور,مخبوزات,نشويات,فطور، غداء، عشاء,وصفة تقديرية,275,9.5,56.0,1.2,3.0,0.8,480,30,2.2,13.8,81.5,3.9,3.45,مرتفع,63.6,False,False,False
LBY053,خبزة شعير (تقليدية),مخبوزات,نشويات,فطور، غداء، عشاء,وصفة تقديرية,245,8.5,48.0,1.8,7.5,0.5,420,45,2.8,13.9,78.4,6.6,3.47,متوسط,70.2,False,False,False
LBY063,خبزة شعير كامل,مخبوزات,نشويات,فطور، غداء، عشاء,وصفة تقديرية,220,9.0,42.0,2.5,9.5,0.4,320,50,3.2,16.4,76.4,10.2,4.09,متوسط,72.7,False,False,False
LBY051,خبزة كوشة (ليبية),مخبوزات,نشويات,فطور، غداء، عشاء,وصفة تقديرية,265,9.0,54.0,1.5,2.5,1.2,450,25,1.8,13.6,81.5,5.1,3.4,مرتفع,60.3,False,False,False
INT238,خردل (مستردة),صلصات,دهون,غداء، عشاء,قياسي,66,4.4,5.0,4.0,3.3,1.0,1135,58,1.5,26.7,30.3,54.5,6.67,منخفض,53.8,False,True,False
INT387,خرشوف (أرضي شوكي) مشوي,خضروات,خضار,غداء، عشاء,قياسي,60,3.5,12.5,1.5,6.5,1.2,90,45,1.5,23.3,83.3,22.5,5.83,منخفض,58.0,False,True,True
INT305,خرشوف مسلوق,خضروات,خضار,غداء,قياسي,47,3.3,10.5,0.2,5.4,1.0,94,44,1.3,28.1,89.4,3.8,7.02,منخفض,58.3,False,True,True
INT386,خضار سوتيه مشكل,خضروات,خضار,غداء، عشاء,قياسي,55,2.1,8.5,2.2,3.1,3.2,140,38,0.8,15.3,61.8,36.0,3.82,منخفض,43.3,False,True,False
INT317,خل التفاح الطبيعي,مكونات,خضار,سناك، غداء,قياسي,3,0.0,0.1,0.0,0.0,0.0,1,1,0.0,0.0,13.3,0.0,0.0,منخفض,27.6,False,True,True
INT318,خميرة غذائية (Nutritional Yeast),مكونات,بروتين,غداء، عشاء,قياسي,400,50.0,33.0,4.0,20.0,0.0,50,70,5.0,50.0,33.0,9.0,12.5,مرتفع,100.0,True,False,True
INT155,خوخ طازج,فواكه,فواكه,سناك,قياسي,39,0.9,9.5,0.3,1.5,8.4,0,6,0.3,9.2,97.4,6.9,2.31,منخفض,30.0,False,False,True
INT350,خوخ مجفف (قراصيا),فواكه,فواكه,سناك,قياسي,240,2.2,64.0,0.4,7.1,38.0,2,43,0.9,3.7,100.0,1.5,0.92,متوسط,38.8,False,False,True
INT112,خيار (طازج),خضروات,خضار,فطور، غداء، عشاء، سناك,قياسي,15,0.7,3.6,0.1,0.5,1.7,2,16,0.3,18.7,96.0,6.0,4.67,منخفض,31.7,False,True,True
INT224,دبس تمر (رُب),سكريات,حلويات,فطور,وصفة تقديرية,290,1.5,72.0,0.1,2.5,68.0,25,50,1.8,2.1,99.3,0.3,0.52,مرتفع,25.0,False,False,True
LBY048,دبلة (حلويات ليبية),حلويات,حلويات,حلوى,وصفة تقديرية,490,4.5,58.0,28.0,1.1,30.0,95,18,0.7,3.7,47.3,51.4,0.92,عالي جداً,26.5,False,False,True
INT024,دجاج بانيه مقلي,دواجن,بروتين,غداء,قياسي,260,24.5,12.8,13.2,0.5,0.2,420,18,1.2,37.7,19.7,45.7,9.42,مرتفع,62.8,True,True,False
INT025,دجاج قلاية هوائية,دواجن,بروتين,غداء، عشاء,قياسي,185,29.0,2.1,6.8,0.2,0.1,110,16,1.1,62.7,4.5,33.1,15.68,متوسط,64.6,True,True,True
LBY062,دشيشة شعير بالخضار,شوربات,خضار,عشاء، غداء,وصفة تقديرية,65,3.2,11.5,1.5,4.0,1.2,180,30,1.8,19.7,70.8,20.8,4.92,منخفض,53.3,False,True,False
INT376,دقيق حمص,مكونات,نشويات,فطور، غداء,قياسي,387,22.4,57.8,6.7,10.8,10.8,64,45,4.9,23.2,59.7,15.6,5.79,مرتفع,69.3,True,False,True
INT377,دقيق ذرة,مكونات,نشويات,غداء، عشاء,قياسي,361,6.9,76.8,3.9,7.3,0.6,5,7,2.4,7.6,85.1,9.7,1.91,مرتفع,66.0,False,False,True
INT230,دقيق شعير,حبوب,نشويات,فطور، غداء، عشاء,قياسي,345,10.5,74.5,1.6,10.1,0.8,12,33,3.6,12.2,86.4,4.2,3.04,مرتفع,74.1,False,False,True
INT228,دقيق قمح أبيض,حبوب,نشويات,فطور، غداء، عشاء,قياسي,364,10.3,76.3,1.0,2.7,0.3,2,15,1.2,11.3,83.8,2.5,2.83,مرتفع,66.0,False,False,True
INT229,دقيق قمح كامل,حبوب,نشويات,فطور، غداء، عشاء,قياسي,339,13.2,72.0,2.5,10.7,0.4,5,34,3.9,15.6,85.0,6.6,3.89,مرتفع,77.9,False,False,True
INT430,دوم (ثمار),فواكه,نشويات,سناك,وصفة تقديرية,150,2.5,35.0,1.0,12.0,15.0,15,50,2.5,6.7,93.3,6.0,1.67,متوسط,48.9,False,False,True
INT209,دونات سادة,حلويات,حلويات,حلوى، سناك,قياسي,452,4.9,51.0,25.0,1.8,22.0,320,40,2.2,4.3,45.1,49.8,1.08,عالي جداً,32.2,False,False,False
INT182,ذرة حلوة (معلبة),خضروات,نشويات,غداء، عشاء، سناك,قياسي,67,2.3,14.5,1.2,2.0,3.2,250,2,0.4,13.7,86.6,16.1,3.43,منخفض,42.0,False,True,False
INT087,ذرة مسلوقة,خضروات,نشويات,سناك، غداء,قياسي,96,3.4,21.0,1.5,2.4,4.5,1,2,0.5,14.2,87.5,14.1,3.54,منخفض,44.7,False,True,True
LBY031,رز بلاو (أرز بالخلطة),أطباق أرز,نشويات,غداء,وصفة تقديرية,230,8.5,32.4,10.2,2.1,3.5,310,28,2.1,14.8,56.3,39.9,3.7,متوسط,50.6,False,False,False
LBY071,رشدة جارية (بالخضار),أطباق تقليدية,نشويات,غداء، عشاء,وصفة تقديرية,145,5.2,26.0,3.5,4.2,2.5,310,22,1.8,14.3,71.7,21.7,3.59,متوسط,54.2,False,True,False
LBY004,رشدة كسكاس (مبخرة),مكرونة,نشويات,غداء,وصفة تقديرية,176,8.8,24.3,4.7,2.3,1.9,295,26,1.7,20.0,55.2,24.0,5.0,متوسط,55.8,False,True,False
INT326,رقائق الشوفان (خام),حبوب,نشويات,فطور,قياسي,389,16.9,66.3,6.9,10.6,0.0,2,54,4.7,17.4,68.2,16.0,4.34,مرتفع,80.7,True,False,True
INT158,رمان,فواكه,فواكه,سناك,قياسي,83,1.7,18.7,1.2,4.0,13.7,3,10,0.3,8.2,90.1,13.0,2.05,منخفض,37.0,False,False,True
INT035,ريش خروف مشوية,لحوم,بروتين,غداء,قياسي,216,28.2,0.0,10.8,0.0,0.0,72,18,2.1,52.2,0.0,45.0,13.06,متوسط,62.1,True,True,True
INT103,زبادي سادة,ألبان,ألبان,فطور، عشاء، سناك,قياسي,59,3.5,4.7,3.3,0.0,4.7,46,121,0.1,23.7,31.9,50.3,5.93,منخفض,31.7,False,True,True
INT407,زبادي طبيعي (بدون دسم),ألبان,ألبان,فطور، عشاء، سناك,قياسي,56,5.7,7.7,0.2,0.0,7.7,77,199,0.1,40.7,55.0,3.2,10.18,منخفض,37.0,False,False,True
INT281,زبادي يوناني (خالي الدسم),ألبان,ألبان,فطور، عشاء، سناك,قياسي,54,10.2,3.9,0.0,0.0,3.9,38,115,0.0,75.6,28.9,0.0,18.89,منخفض,47.0,False,True,True
INT280,زبادي يوناني سادة,ألبان,ألبان,فطور، عشاء، سناك,قياسي,59,10.0,3.6,0.4,0.0,3.2,36,110,0.0,67.8,24.4,6.1,16.95,منخفض,46.9,False,True,True
INT289,زبدة اللوز (طبيعية),دهون,دهون,فطور، سناك,قياسي,614,21.0,18.0,55.0,10.0,4.5,5,260,3.5,13.7,11.7,80.6,3.42,عالي جداً,67.8,True,True,True
INT107,زبدة حيوانية,زيوت,دهون,فطور,قياسي,717,0.9,0.1,81.1,0.0,0.1,11,24,0.0,0.5,0.1,100.0,0.13,عالي جداً,24.2,False,True,True
INT288,زبدة فول سوداني (طبيعية),دهون,دهون,فطور، سناك,قياسي,588,25.0,20.0,50.0,6.0,9.0,15,45,1.9,17.0,13.6,76.5,4.25,عالي جداً,62.1,True,False,True
INT147,زبيب,فواكه,فواكه,سناك، غداء,قياسي,299,3.1,79.2,0.5,3.7,59.2,11,50,1.9,4.1,100.0,1.5,1.04,مرتفع,33.8,False,False,True
INT271,زعتر مطحون (خلطة),مكونات,خضار,فطور,وصفة تقديرية,280,8.0,35.0,12.0,10.0,1.2,350,600,25.0,11.4,50.0,38.6,2.86,مرتفع,66.0,False,False,False
LBY049,زلابية ليبية,حلويات,حلويات,حلوى,وصفة تقديرية,350,2.5,65.0,9.0,0.5,45.0,180,15,0.6,2.9,74.3,23.1,0.71,مرتفع,18.1,False,False,False
LBY011,زميتة,فطور,نشويات,فطور,وصفة تقديرية,389,12.9,56.7,10.8,8.4,2.5,9,51,3.9,13.3,58.3,25.0,3.32,مرتفع,67.2,False,False,True
LBY061,زميتة (بدون سكر),فطور,نشويات,فطور,وصفة تقديرية,340,13.5,52.0,8.5,12.0,0.5,10,55,4.5,15.9,61.2,22.5,3.97,مرتفع,76.4,False,False,True
INT123,زهرة (قرنبيط) مسلوقة,خضروات,خضار,غداء، عشاء,قياسي,25,1.9,5.0,0.3,2.0,1.9,30,22,0.4,30.4,80.0,10.8,7.6,منخفض,43.9,False,True,True
INT124,زهرة (قرنبيط) مشوية,خضروات,خضار,غداء، عشاء,قياسي,65,2.2,6.5,4.2,2.5,2.1,85,28,0.6,13.5,40.0,58.2,3.38,منخفض,42.8,False,True,True
INT106,زيت زيتون,زيوت,دهون,فطور، غداء، عشاء,قياسي,884,0.0,0.0,100.0,0.0,0.0,2,1,0.6,0.0,0.0,100.0,0.0,عالي جداً,16.6,False,True,True
INT233,زيت نباتي (ذرة/دوار شمس),زيوت,دهون,غداء، عشاء,قياسي,884,0.0,0.0,100.0,0.0,0.0,0,0,0.0,0.0,0.0,100.0,0.0,عالي جداً,16.6,False,True,True
INT167,زيتون أخضر مملح,مقبلات,دهون,فطور، غداء، عشاء,قياسي,145,1.0,3.8,15.3,3.3,0.5,1556,52,0.5,2.8,10.5,95.0,0.69,متوسط,40.8,False,True,False
INT168,زيتون أسود مملح,مقبلات,دهون,فطور، غداء، عشاء,قياسي,115,0.8,6.3,10.7,1.6,0.0,735,88,0.9,2.8,21.9,83.7,0.7,متوسط,37.9,False,True,False
INT066,سباغيتي مسلوقة,مكرونة,نشويات,غداء، عشاء,قياسي,158,5.8,30.7,0.9,1.8,0.6,1,7,1.3,14.7,77.7,5.1,3.67,متوسط,56.1,False,False,True
INT396,سبانخ بالثوم والليمون,خضروات,خضار,غداء، عشاء,قياسي,45,3.5,4.5,2.5,2.8,0.5,120,130,3.5,31.1,40.0,50.0,7.78,منخفض,53.0,False,True,True
INT302,سبانخ طازجة,خضروات,خضار,سناك، فطور، غداء، عشاء,قياسي,23,2.9,3.6,0.4,2.2,0.4,79,99,2.7,50.4,62.6,15.7,12.61,منخفض,52.2,False,True,True
INT125,سبانخ مطهوة,خضروات,خضار,غداء، عشاء,قياسي,23,3.0,3.6,0.3,2.4,0.4,70,136,3.6,52.2,62.6,11.7,13.04,منخفض,53.3,False,True,True
INT316,ستيفيا (محلي طبيعي),سكريات,حلويات,فطور، غداء، عشاء، حلوى,قياسي,0,0.0,0.0,0.0,0.0,0.0,0,0,0.0,0.0,0.0,0.0,0.0,منخفض,27.6,False,True,True
INT039,ستيك بقري مشوي,لحوم,بروتين,غداء، عشاء,قياسي,214,29.1,0.0,10.1,0.0,0.0,58,22,2.8,54.4,0.0,42.5,13.6,متوسط,62.6,True,True,True
INT370,سردين طازج مشوي,أسماك,بروتين,غداء، فطور,قياسي,155,20.5,0.0,8.1,0.0,0.0,110,320,2.5,52.9,0.0,47.0,13.23,متوسط,59.1,True,True,True
INT192,سردين معلب بالزيت,أسماك,بروتين,فطور، غداء، عشاء,قياسي,208,24.6,0.0,11.5,0.0,0.0,305,382,2.9,47.3,0.0,49.8,11.83,متوسط,60.4,True,True,False
INT165,سفرجل مطهو,فواكه,فواكه,سناك,قياسي,57,0.4,15.3,0.1,1.9,12.5,4,11,0.7,2.8,100.0,1.6,0.7,منخفض,26.0,False,False,True
LBY044,سفنز بالبيض,معجنات,بروتين,فطور,وصفة تقديرية,380,12.5,50.5,15.5,1.9,2.6,340,55,2.5,13.2,53.2,36.7,3.29,مرتفع,54.6,False,False,False
LBY043,سفنز سادة,معجنات,نشويات,فطور، سناك,وصفة تقديرية,326,6.5,49.8,11.8,1.9,2.5,210,20,1.7,8.0,61.1,32.6,1.99,مرتفع,48.3,False,False,False
LBY021,سفنز ليبي,معجنات,نشويات,فطور، سناك,وصفة تقديرية,326,6.5,49.8,11.8,1.9,11.2,210,20,1.7,8.0,61.1,32.6,1.99,مرتفع,40.9,False,False,False
INT226,سكر أبيض,سكريات,حلويات,فطور، غداء، عشاء,قياسي,387,0.0,100.0,0.0,0.0,100.0,1,1,0.1,0.0,100.0,0.0,0.0,مرتفع,0.0,False,False,True
INT227,سكر أسمر,سكريات,حلويات,فطور، غداء، عشاء,قياسي,380,0.0,98.0,0.0,0.0,97.0,28,83,0.7,0.0,100.0,0.0,0.0,مرتفع,0.2,False,False,True
LBY082,سلطة أمك حورية (جزر),سلطات,خضار,غداء، عشاء، سناك,وصفة تقديرية,65,1.2,8.5,3.2,2.8,4.2,120,33,0.8,7.4,52.3,44.3,1.85,منخفض,36.5,False,True,True
LBY083,سلطة باذنجان مشوي بالثوم,سلطات,خضار,غداء، عشاء,وصفة تقديرية,45,1.1,6.2,2.1,3.2,2.5,140,18,0.7,9.8,55.1,42.0,2.44,منخفض,40.0,False,True,False
INT382,سلطة بطاطس مسلوقة بالبقدونس,سلطات,نشويات,غداء، عشاء,قياسي,85,1.8,16.5,1.5,2.1,1.2,210,15,0.6,8.5,77.6,15.9,2.12,منخفض,43.9,False,True,False
INT333,سلطة جرجير بالرمان,سلطات,خضار,غداء، عشاء,وصفة تقديرية,55,1.5,8.0,2.5,2.0,5.5,80,45,1.2,10.9,58.2,40.9,2.73,منخفض,34.9,False,False,True
LBY065,سلطة خضراء ليبية,سلطات,خضار,غداء، عشاء,وصفة تقديرية,35,1.5,4.5,1.5,2.2,2.1,45,18,0.7,17.1,51.4,38.6,4.29,منخفض,40.8,False,True,True
INT434,سلطة ذرة وبقوليات,سلطات,نشويات,غداء، عشاء,وصفة تقديرية,120,5.5,18.5,2.5,5.2,3.5,150,30,1.8,18.3,61.7,18.8,4.58,متوسط,55.5,False,True,False
INT383,سلطة شمندر بالليمون,سلطات,خضار,غداء، عشاء، سناك,قياسي,55,1.5,11.0,0.5,2.8,7.5,75,16,0.8,10.9,80.0,8.2,2.73,منخفض,37.6,False,False,True
INT385,سلطة عدس أسود,سلطات,بروتين,غداء، عشاء,وصفة تقديرية,120,8.5,18.0,1.8,7.5,1.2,180,35,3.1,28.3,60.0,13.5,7.08,متوسط,67.9,False,True,False
INT381,سلطة فواكه البحر,سلطات,بروتين,غداء، عشاء,قياسي,95,14.5,3.2,2.8,0.5,1.5,280,35,1.2,61.1,13.5,26.5,15.26,منخفض,55.6,False,True,False
INT384,سلطة كول سلو (بدون مايونيز دسم),سلطات,خضار,غداء، عشاء,وصفة تقديرية,65,1.4,9.5,2.5,2.4,5.5,120,40,0.5,8.6,58.5,34.6,2.15,منخفض,35.6,False,False,True
INT332,سلطة كينوا بالخضار,سلطات,نشويات,غداء، عشاء,وصفة تقديرية,110,4.0,18.0,3.5,3.2,2.5,120,25,1.8,14.5,65.5,28.6,3.64,متوسط,49.5,False,True,True
LBY033,سلطة مشوية ليبية,سلطات,خضار,غداء، عشاء,وصفة تقديرية,65,1.8,8.2,3.8,2.5,4.1,150,22,1.1,11.1,50.5,52.6,2.77,منخفض,38.4,False,True,False
INT295,سلمون فيليه مشوي,أسماك,بروتين,غداء، عشاء,قياسي,208,20.5,0.0,13.5,0.0,0.0,60,15,0.5,39.4,0.0,58.4,9.86,متوسط,58.0,True,True,True
INT194,سلمون مشوي,أسماك,بروتين,غداء، عشاء,قياسي,208,20.0,0.0,13.0,0.0,0.0,59,12,0.3,38.5,0.0,56.2,9.62,متوسط,57.8,True,True,True
INT448,سمبوسة فرن (خضار),مقبلات,خضار,سناك، غداء,وصفة تقديرية,150,4.5,22.0,4.5,2.5,1.8,320,25,1.2,12.0,58.7,27.0,3.0,متوسط,49.8,False,True,False
INT449,سمبوسة فرن (دجاج),مقبلات,بروتين,سناك، غداء,وصفة تقديرية,170,9.5,20.0,5.5,1.5,1.2,350,20,1.4,22.4,47.1,29.1,5.59,متوسط,55.3,False,True,False
INT367,سمك دوت (هامور) مشوي,أسماك,بروتين,غداء,قياسي,118,24.8,0.0,1.3,0.0,0.0,65,40,0.6,84.1,0.0,9.9,21.02,متوسط,64.5,True,True,True
INT369,سمك قاروص مشوي,أسماك,بروتين,غداء,قياسي,120,24.0,0.0,2.1,0.0,0.0,70,30,0.4,80.0,0.0,15.8,20.0,متوسط,63.5,True,True,True
INT371,سمك ماكريل مشوي,أسماك,بروتين,غداء,قياسي,205,19.0,0.0,13.9,0.0,0.0,90,15,1.6,37.1,0.0,61.0,9.27,متوسط,57.0,True,True,True
INT366,سمك مرجان مشوي,أسماك,بروتين,غداء,قياسي,110,21.5,0.0,2.8,0.0,0.0,75,35,0.8,78.2,0.0,22.9,19.55,متوسط,61.7,True,True,True
INT342,سمك مشوي (دنيس),أسماك,بروتين,غداء,قياسي,115,22.0,0.0,2.5,0.0,0.0,65,40,0.5,76.5,0.0,19.6,19.13,متوسط,62.2,True,True,True
INT195,سمك مشوي (قاروص/ورات),أسماك,بروتين,غداء,قياسي,124,24.0,0.0,3.0,0.0,0.0,65,30,0.4,77.4,0.0,21.8,19.35,متوسط,62.8,True,True,True
INT341,سمك مشوي فيليه (هامور),أسماك,بروتين,غداء,قياسي,105,21.5,0.0,1.5,0.0,0.0,75,30,0.6,81.9,0.0,12.9,20.48,متوسط,62.7,True,True,True
INT196,سمك مقلي,أسماك,بروتين,غداء,قياسي,232,18.5,8.2,13.8,0.3,0.1,380,25,0.8,31.9,14.1,53.5,7.97,متوسط,58.7,True,True,False
INT368,سمك ورات (دنيس) مشوي,أسماك,بروتين,غداء,قياسي,125,23.5,0.0,3.5,0.0,0.0,68,32,0.5,75.2,0.0,25.2,18.8,متوسط,62.3,True,True,True
INT234,سمن حيواني,زيوت,دهون,فطور، غداء,قياسي,900,0.0,0.0,100.0,0.0,0.0,2,0,0.0,0.0,0.0,100.0,0.0,عالي جداً,16.6,False,True,True
INT231,سميد (سيمولينا),حبوب,نشويات,فطور، غداء، عشاء,قياسي,360,12.7,72.8,1.1,3.9,0.0,1,17,1.2,14.1,80.9,2.8,3.53,مرتفع,72.4,False,False,True
INT090,شاورما دجاج (لحم),دواجن,بروتين,غداء، عشاء,وصفة تقديرية,185,22.4,2.5,9.2,0.3,0.5,420,24,1.4,48.4,5.4,44.8,12.11,متوسط,59.9,True,True,False
LBY056,شاي أحمر ليبي (سادة),مشروبات,حلويات,سناك، فطور,وصفة تقديرية,1,0.0,0.3,0.0,0.0,0.0,2,5,0.1,0.0,100.0,0.0,0.0,منخفض,27.6,False,True,True
INT243,شاي أخضر (بدون سكر),مشروبات,خضار,فطور، سناك، عشاء,قياسي,1,0.0,0.2,0.0,0.0,0.0,1,0,0.0,0.0,80.0,0.0,0.0,منخفض,27.6,False,True,True
INT440,شاي أعشاب (مرمية/زعتر),مشروبات,خضار,سناك، فطور,قياسي,1,0.0,0.2,0.0,0.0,0.0,2,5,0.1,0.0,80.0,0.0,0.0,منخفض,27.6,False,True,True
LBY058,شاي بالكاوكاو (فول سوداني),مشروبات,دهون,سناك,وصفة تقديرية,95,3.2,5.8,7.5,1.0,5.0,10,18,0.5,13.5,24.4,71.1,3.37,منخفض,35.6,False,False,True
LBY057,شاي باللوز (ليبي),مشروبات,دهون,سناك,وصفة تقديرية,85,2.5,6.5,6.0,1.2,5.5,5,25,0.6,11.8,30.6,63.5,2.94,منخفض,34.3,False,False,True
INT358,شاي زنجبيل (بدون سكر),مشروبات,خضار,فطور، سناك,قياسي,2,0.1,0.4,0.0,0.0,0.0,2,2,0.1,20.0,80.0,0.0,5.0,منخفض,28.8,False,True,True
INT357,شاي ماتشا (بدون سكر),مشروبات,خضار,فطور، سناك,قياسي,3,0.3,0.5,0.0,0.0,0.0,1,5,0.1,40.0,66.7,0.0,10.0,منخفض,30.8,False,True,True
INT177,شبت طازج,خضروات,خضار,غداء، عشاء,قياسي,43,3.5,7.0,1.1,2.1,0.0,61,208,6.6,32.6,65.1,23.0,8.14,منخفض,54.7,False,True,True
INT365,شراب التمر الهندي (سكر قليل),مشروبات,فواكه,سناك,وصفة تقديرية,65,0.5,16.0,0.1,1.5,14.5,10,25,0.5,3.1,98.5,1.4,0.77,منخفض,24.6,False,False,True
INT315,شراب القيقب (الأصلي),سكريات,حلويات,فطور، حلوى,قياسي,260,0.0,67.0,0.0,0.0,60.0,12,102,0.1,0.0,100.0,0.0,0.0,مرتفع,3.0,False,False,True
INT361,شراب الليمون والكمون,مشروبات,خضار,فطور، سناك,وصفة تقديرية,5,0.2,1.2,0.1,0.5,0.2,10,15,0.5,16.0,96.0,18.0,4.0,منخفض,32.4,False,True,True
INT255,شراب كركديه,مشروبات,خضار,سناك,وصفة تقديرية,35,0.1,9.0,0.0,0.2,8.5,2,12,0.5,1.1,100.0,0.0,0.29,منخفض,17.0,False,False,True
LBY032,شرمولة ليبية (طماطم وخيار),سلطات,خضار,غداء، عشاء، سناك,وصفة تقديرية,45,1.2,5.4,2.5,1.8,3.2,120,18,0.8,10.7,48.0,50.0,2.67,منخفض,35.3,False,True,True
LBY018,شكشوكة ليبية,أطباق بيض,بروتين,فطور، عشاء,وصفة تقديرية,118,7.3,5.4,7.6,1.5,3.1,270,49,2.0,24.7,18.3,58.0,6.19,متوسط,48.1,False,True,False
INT150,شمام (قلعاوي),فواكه,فواكه,سناك,قياسي,34,0.8,8.2,0.2,0.9,7.9,16,9,0.2,9.4,96.5,5.3,2.35,منخفض,27.3,False,False,True
INT422,شهد (شمام),فواكه,فواكه,سناك,قياسي,34,0.8,8.2,0.2,0.9,7.9,16,9,0.2,9.4,96.5,5.3,2.35,منخفض,27.3,False,False,True
INT339,شوربة بروكلي كريمية (لايت),شوربات,خضار,عشاء,وصفة تقديرية,55,3.5,6.5,2.5,2.1,2.0,280,45,0.8,25.5,47.3,40.9,6.36,منخفض,46.9,False,True,False
LBY080,شوربة خضار ليبية بالدجاج,شوربات,خضار,عشاء، غداء,وصفة تقديرية,55,4.8,6.5,1.5,1.8,1.2,250,22,0.9,34.9,47.3,24.5,8.73,منخفض,51.6,False,True,False
LBY026,شوربة دشيشة ليبية,شوربات,خضار,عشاء، غداء,وصفة تقديرية,85,4.5,12.5,2.8,3.2,1.2,310,22,1.4,21.2,58.8,29.6,5.29,منخفض,53.9,False,True,False
INT338,شوربة طماطم مشوية,شوربات,خضار,عشاء,وصفة تقديرية,45,1.2,8.5,1.2,1.8,4.5,320,20,0.6,10.7,75.6,24.0,2.67,منخفض,34.8,False,True,False
LBY067,شوربة عدس (بدون دهون),شوربات,خضار,عشاء، غداء,وصفة تقديرية,75,5.8,12.0,0.5,4.8,0.8,210,25,2.3,30.9,64.0,6.0,7.73,منخفض,62.9,False,True,False
INT098,شوربة عدس ليبية,شوربات,خضار,عشاء، غداء,وصفة تقديرية,95,6.2,14.5,1.8,4.5,1.2,285,24,2.1,26.1,61.1,17.1,6.53,منخفض,60.4,False,True,False
INT439,شوربة عظام (Bone Broth),شوربات,بروتين,فطور، غداء، عشاء,قياسي,15,2.5,0.2,0.5,0.0,0.0,250,15,0.3,66.7,5.3,30.0,16.67,منخفض,41.7,False,True,False
INT340,شوربة فطر (بدون كريمة دسمة),شوربات,خضار,عشاء,وصفة تقديرية,40,2.5,5.5,1.5,1.2,1.5,310,15,0.6,25.0,55.0,33.8,6.25,منخفض,42.5,False,True,False
INT435,شوربة قرع عسل (لايت),شوربات,خضار,عشاء,وصفة تقديرية,45,1.1,8.5,1.2,1.5,3.2,210,25,0.6,9.8,75.6,24.0,2.44,منخفض,34.8,False,True,False
LBY010,شوربة ليبية,شوربات,خضار,غداء، عشاء,وصفة تقديرية,82,5.2,7.1,3.5,1.4,1.6,320,18,0.9,25.4,34.6,38.4,6.34,منخفض,48.5,False,True,False
INT076,شوفان بالحليب,حبوب,نشويات,فطور,قياسي,105,4.8,15.2,3.2,1.7,4.5,45,120,1.1,18.3,57.9,27.4,4.57,متوسط,44.5,False,True,True
INT075,شوفان بالماء,حبوب,نشويات,فطور,قياسي,71,2.5,12.0,1.4,1.7,0.3,2,8,1.0,14.1,67.6,17.7,3.52,منخفض,48.5,False,True,True
INT321,شوفان مقطع (Steel Cut),حبوب,نشويات,فطور,قياسي,375,12.5,67.0,6.2,10.0,1.0,0,50,4.5,13.3,71.5,14.9,3.33,مرتفع,72.9,False,False,True
INT221,شوكولاتة بالحليب,حلويات,حلويات,سناك,قياسي,535,7.7,59.0,29.7,3.4,51.0,79,189,2.4,5.8,44.1,50.0,1.44,عالي جداً,35.9,False,False,True
INT220,شوكولاتة داكنة (70%),حلويات,حلويات,سناك,قياسي,598,7.8,45.0,42.0,8.0,24.0,20,73,11.9,5.2,30.1,63.2,1.3,عالي جداً,46.4,False,False,True
INT414,شيا بودينغ (بحليب اللوز),حلويات,دهون,فطور، حلوى,وصفة تقديرية,95,3.5,12.0,4.5,8.5,4.5,40,150,1.8,14.7,50.5,42.6,3.68,منخفض,52.9,False,True,True
INT345,شيش طاووق مشوي,دواجن,بروتين,غداء، عشاء,وصفة تقديرية,150,24.0,2.1,4.5,0.2,0.8,410,22,1.2,64.0,5.6,27.0,16.0,متوسط,60.3,True,True,False
INT023,صدر دجاج بالفرن,دواجن,بروتين,غداء، عشاء,قياسي,165,31.0,0.0,3.6,0.0,0.0,70,14,1.0,75.2,0.0,19.6,18.79,متوسط,65.5,True,True,True
INT022,صدر دجاج مسلوق,دواجن,بروتين,غداء، عشاء,قياسي,151,30.5,0.0,3.2,0.0,0.0,65,13,0.9,80.8,0.0,19.1,20.2,متوسط,65.5,True,True,True
INT021,صدر دجاج مشوي,دواجن,بروتين,غداء، عشاء,قياسي,165,31.0,0.0,3.6,0.0,0.0,74,15,1.0,75.2,0.0,19.6,18.79,متوسط,65.5,True,True,True
LBY068,صدور دجاج مشوية متبلة,دواجن,بروتين,غداء، عشاء,وصفة تقديرية,155,30.5,0.5,3.2,0.0,0.0,280,15,1.1,78.7,1.3,18.6,19.68,متوسط,65.5,True,True,False
INT346,صدور رومي مدخنة,دواجن,بروتين,فطور، سناك,قياسي,104,17.0,1.5,2.5,0.0,1.2,850,15,0.8,65.4,5.8,21.6,16.35,متوسط,54.5,True,True,False
INT240,صلصة صويا,صلصات,بروتين,غداء,قياسي,53,8.0,4.9,0.6,0.8,0.4,5493,20,1.5,60.4,37.0,10.2,15.09,منخفض,56.4,False,True,False
INT328,صنوبر,مكسرات,دهون,سناك,قياسي,673,13.7,13.1,68.4,3.7,3.6,2,16,5.5,8.1,7.8,91.5,2.04,عالي جداً,55.3,False,True,True
LBY007,طاجين جبن ليبي,أطباق لحوم,بروتين,غداء، عشاء,وصفة تقديرية,229,12.5,8.9,15.8,0.8,2.0,430,198,1.1,21.8,15.5,62.1,5.46,متوسط,51.1,False,True,False
LBY070,طاجين خضار (بدون لحم),خضروات,خضار,غداء، عشاء,وصفة تقديرية,85,2.5,14.0,2.5,3.8,3.5,180,45,1.2,11.8,65.9,26.5,2.94,منخفض,45.6,False,True,False
LBY075,طبيخة بازلاء (بسلة),يخنات,خضار,غداء,وصفة تقديرية,110,6.5,14.2,3.8,4.8,3.5,310,32,1.8,23.6,51.6,31.1,5.91,متوسط,55.8,False,True,False
LBY076,طبيخة بطاطا ليبية,يخنات,نشويات,غداء,وصفة تقديرية,105,4.2,18.5,2.5,2.1,1.8,280,15,1.2,16.0,70.5,21.4,4.0,متوسط,49.0,False,True,False
LBY074,طبيخة فاصوليا بيضاء,يخنات,بروتين,غداء,وصفة تقديرية,135,9.2,16.5,4.5,6.2,1.2,340,55,3.1,27.3,48.9,30.0,6.81,متوسط,65.5,False,True,False
LBY077,طبيخة كرسفي (لفت),يخنات,خضار,غداء,وصفة تقديرية,75,3.8,10.2,2.8,3.2,2.4,260,45,1.1,20.3,54.4,33.6,5.07,منخفض,49.6,False,True,False
INT265,طحينة سائلة,زيوت,دهون,فطور، سناك,قياسي,595,17.0,21.0,53.0,9.0,0.5,115,420,9.0,11.4,14.1,80.2,2.86,عالي جداً,72.3,True,True,True
INT113,طماطم (طازجة),خضروات,خضار,فطور، غداء، عشاء,قياسي,18,0.9,3.9,0.2,1.2,2.6,5,10,0.3,20.0,86.7,10.0,5.0,منخفض,34.8,False,True,True
LBY040,عبنبر (حلويات لوز),حلويات,حلويات,حلوى، سناك,وصفة تقديرية,450,12.0,42.0,28.0,3.5,38.0,45,85,2.1,10.7,37.3,56.0,2.67,عالي جداً,42.7,False,False,True
LBY073,عجين ليبى (بالمرق),أطباق تقليدية,نشويات,غداء,وصفة تقديرية,160,4.8,32.0,2.1,3.5,1.1,220,18,1.4,12.0,80.0,11.8,3.0,متوسط,55.9,False,False,False
INT205,عجينة بيتزا,مخبوزات,نشويات,غداء، عشاء,قياسي,266,8.0,50.0,3.5,2.3,3.5,550,20,2.5,12.0,75.2,11.8,3.01,مرتفع,52.8,False,False,False
INT133,عدس أصفر مطبوخ,بقوليات,بروتين,غداء، عشاء,قياسي,116,9.0,20.1,0.4,7.9,1.8,2,19,3.3,31.0,69.3,3.1,7.76,متوسط,69.2,False,True,True
INT222,عسل نحل طبيعي,سكريات,حلويات,فطور، سناك,قياسي,304,0.3,82.4,0.0,0.2,82.1,4,6,0.4,0.4,100.0,0.0,0.1,مرتفع,6.1,False,False,True
INT402,عش الغراب (مشروم) مسلوق,خضروات,خضار,فطور، غداء، عشاء,قياسي,28,2.2,5.3,0.5,2.2,1.5,5,3,0.4,31.4,75.7,16.1,7.86,منخفض,46.2,False,True,True
LBY009,عصبان ليبي,أطباق لحوم,بروتين,غداء,وصفة تقديرية,238,16.8,5.1,17.3,1.2,0.8,510,45,4.9,28.2,8.6,65.4,7.06,متوسط,59.2,True,True,False
LBY005,عصيدة ليبية,حلويات/فطور,نشويات,فطور، حلوى,وصفة تقديرية,197,3.6,42.1,2.4,1.1,16.8,38,11,0.6,7.3,85.5,11.0,1.83,متوسط,32.8,False,False,True
INT245,عصير برتقال طبيعي,مشروبات,فواكه,فطور، سناك,قياسي,45,0.7,10.4,0.2,0.2,8.4,1,11,0.2,6.2,92.4,4.0,1.56,منخفض,21.9,False,False,True
INT246,عصير تفاح,مشروبات,فواكه,سناك,قياسي,46,0.1,11.3,0.1,0.2,9.6,4,8,0.1,0.9,98.3,2.0,0.22,منخفض,16.2,False,False,True
INT442,عصير خضار مشكل (V8),مشروبات,خضار,سناك,قياسي,22,1.0,4.5,0.1,0.8,3.5,250,20,0.4,18.2,81.8,4.1,4.55,منخفض,32.3,False,True,False
LBY060,عصير روينة,مشروبات,نشويات,سناك,وصفة تقديرية,120,2.5,24.0,1.5,2.1,14.0,15,35,0.8,8.3,80.0,11.2,2.08,متوسط,35.1,False,False,True
INT441,عصير شمندر وجزر,مشروبات,خضار,سناك، فطور,وصفة تقديرية,45,1.1,9.5,0.2,1.8,7.0,55,25,0.8,9.8,84.4,4.0,2.44,منخفض,33.5,False,False,True
INT253,عصير كوكتيل فواكه,مشروبات,فواكه,سناك,قياسي,55,0.4,13.5,0.2,0.6,12.0,5,15,0.3,2.9,98.2,3.3,0.73,منخفض,20.4,False,False,True
INT247,عصير ليمون بالنعناع,مشروبات,فواكه,سناك,وصفة تقديرية,40,0.4,10.5,0.1,0.5,9.5,5,12,0.2,4.0,100.0,2.2,1.0,منخفض,21.2,False,False,True
INT252,عصير مانجو,مشروبات,فواكه,سناك,قياسي,60,0.5,15.0,0.2,0.5,13.5,2,10,0.2,3.3,100.0,3.0,0.83,منخفض,19.9,False,False,True
INT148,عنب طازج,فواكه,فواكه,سناك,قياسي,69,0.7,18.1,0.2,0.9,15.5,2,10,0.4,4.1,100.0,2.6,1.01,منخفض,22.9,False,False,True
LBY038,غريبة بالحلقوم,حلويات,حلويات,حلوى,وصفة تقديرية,460,4.2,65.0,22.0,1.0,35.0,90,12,0.7,3.7,56.5,43.0,0.91,عالي جداً,25.0,False,False,True
LBY023,غريبة ليبية,حلويات,حلويات,حلوى، سناك,وصفة تقديرية,485,4.8,58.2,26.5,1.2,24.5,85,15,0.8,4.0,48.0,49.2,0.99,عالي جداً,28.9,False,False,True
LBY037,غريبة ليبية (سادة),حلويات,حلويات,حلوى، سناك,وصفة تقديرية,485,4.8,58.2,26.5,1.2,24.5,85,15,0.8,4.0,48.0,49.2,0.99,عالي جداً,28.9,False,False,True
INT134,فاصوليا بيضاء مطبوخة,بقوليات,بروتين,غداء,قياسي,139,9.7,25.1,0.4,11.0,0.3,5,63,3.7,27.9,72.2,2.6,6.98,متوسط,77.4,False,True,True
INT399,فاصوليا خضراء سوتيه,خضروات,خضار,غداء، عشاء,قياسي,55,2.0,8.2,2.5,3.4,3.1,150,40,1.1,14.5,59.6,40.9,3.64,منخفض,43.5,False,True,False
INT127,فاصوليا خضراء مسلوقة,خضروات,خضار,غداء، عشاء,قياسي,31,1.8,7.0,0.1,3.4,3.3,6,37,1.0,23.2,90.3,2.9,5.81,منخفض,45.2,False,True,True
INT347,فاصوليا سوداء مطهوة,بقوليات,بروتين,غداء، عشاء,قياسي,132,8.9,23.7,0.5,8.7,0.3,1,27,2.1,27.0,71.8,3.4,6.74,متوسط,74.3,False,True,True
LBY030,فاصوليا ليبية بالكرشة,بقوليات,بروتين,غداء,وصفة تقديرية,185,14.2,16.8,8.4,5.2,1.5,480,45,4.2,30.7,36.3,40.9,7.68,متوسط,66.8,False,True,False
LBY014,فتات درناوي,أطباق تقليدية,نشويات,غداء,وصفة تقديرية,185,9.4,22.1,6.5,2.1,1.2,340,29,1.9,20.3,47.8,31.6,5.08,متوسط,57.0,False,True,False
LBY034,فتات مسلاتي,أطباق تقليدية,نشويات,غداء,وصفة تقديرية,190,8.8,24.5,7.2,2.4,1.4,320,26,1.7,18.5,51.6,34.1,4.63,متوسط,56.4,False,True,False
INT335,فتوش (خبز محمص بالفرن),سلطات,خضار,غداء، عشاء,وصفة تقديرية,75,2.0,12.0,2.5,2.2,3.1,150,30,1.1,10.7,64.0,30.0,2.67,منخفض,40.5,False,True,False
INT173,فجل أحمر طازج,خضروات,خضار,غداء، عشاء,قياسي,16,0.7,3.4,0.1,1.6,1.9,39,25,0.3,17.5,85.0,5.6,4.38,منخفض,36.5,False,True,True
INT306,فجل طازج,خضروات,خضار,سناك، غداء,قياسي,16,0.7,3.4,0.1,1.6,1.9,39,25,0.3,17.5,85.0,5.6,4.38,منخفض,36.5,False,True,True
INT394,فجل مطهو,خضروات,خضار,غداء، عشاء,قياسي,20,0.8,4.2,0.1,1.8,2.5,25,25,0.4,16.0,84.0,4.5,4.0,منخفض,36.8,False,True,True
INT036,فخذ خروف محمر,لحوم,بروتين,غداء,قياسي,191,26.5,0.0,8.8,0.0,0.0,64,15,2.0,55.5,0.0,41.5,13.87,متوسط,61.8,True,True,True
INT026,فخذ دجاج مشوي,دواجن,بروتين,غداء، عشاء,قياسي,179,24.8,0.0,8.2,0.0,0.0,82,12,1.2,55.4,0.0,41.2,13.85,متوسط,61.2,True,True,True
INT151,فراولة طازجة,فواكه,فواكه,سناك,قياسي,32,0.7,7.7,0.3,2.0,4.9,1,16,0.4,8.8,96.2,8.4,2.19,منخفض,33.2,False,True,True
INT278,فريك مطبوخ,حبوب,نشويات,غداء,قياسي,120,5.0,22.0,0.5,6.0,0.2,5,15,1.5,16.7,73.3,3.8,4.17,متوسط,65.6,False,True,True
INT380,فريك مطهو بالمرق,حبوب,نشويات,غداء,قياسي,115,5.5,21.0,1.2,6.5,0.2,150,18,1.6,19.1,73.0,9.4,4.78,متوسط,66.4,False,True,False
INT139,فستق حلبي نيء,مكسرات,دهون,سناك,قياسي,562,20.2,27.2,45.3,10.6,7.7,1,105,3.9,14.4,19.4,72.5,3.59,عالي جداً,65.5,True,False,True
INT256,فشار (بوشار) بالزيت,سناكس,نشويات,سناك,قياسي,450,9.0,55.0,25.0,10.0,0.5,600,10,2.5,8.0,48.9,50.0,2.0,عالي جداً,67.9,False,False,False
INT257,فشار (بوشار) بدون زيت,سناكس,نشويات,سناك,قياسي,387,12.0,77.0,5.0,14.5,0.8,5,12,3.2,12.4,79.6,11.6,3.1,مرتفع,76.8,False,False,True
INT432,فشار محضر بالبخار,سناكس,نشويات,سناك,قياسي,387,12.9,77.8,5.0,14.5,0.9,8,7,3.2,13.3,80.4,11.6,3.33,مرتفع,77.3,False,False,True
INT331,فطر عيش الغراب مشوي,خضروات,خضار,فطور، غداء، عشاء,قياسي,35,3.1,4.5,1.2,1.5,2.0,5,3,0.6,35.4,51.4,30.9,8.86,منخفض,44.8,False,True,True
INT208,فطيرة جبنة,معجنات,ألبان,فطور، عشاء,وصفة تقديرية,290,11.0,35.0,12.0,1.2,2.5,550,210,1.2,15.2,48.3,37.2,3.79,مرتفع,51.3,False,False,False
INT207,فطيرة سبانخ,معجنات,خضار,سناك، عشاء,وصفة تقديرية,240,6.5,32.0,10.5,3.5,1.8,480,85,2.8,10.8,53.3,39.4,2.71,متوسط,54.1,False,False,False
LBY054,فطيرة ليبية (مشلتت),معجنات,نشويات,فطور، عشاء,وصفة تقديرية,360,7.5,45.0,18.0,1.5,2.5,380,35,1.5,8.3,50.0,45.0,2.08,مرتفع,47.5,False,False,False
INT095,فلافل (طعمية),نباتي,بروتين,فطور، عشاء,قياسي,333,13.3,31.8,17.8,4.9,4.8,290,54,3.4,16.0,38.2,48.1,3.99,مرتفع,58.9,False,False,False
INT115,فلفل أخضر (حلو),خضروات,خضار,غداء، عشاء,قياسي,20,0.9,4.6,0.2,1.7,2.4,3,10,0.3,18.0,92.0,9.0,4.5,منخفض,37.1,False,True,True
INT269,فلفل أسود,مكونات,خضار,غداء,قياسي,251,10.4,64.0,3.3,25.3,0.6,20,443,28.9,16.6,100.0,11.8,4.14,مرتفع,81.8,False,False,True
INT330,فلفل ألوان مشوي,خضروات,خضار,غداء، عشاء,قياسي,45,1.2,9.5,1.5,2.1,5.0,2,12,0.5,10.7,84.4,30.0,2.67,منخفض,35.0,False,False,True
INT130,فلفل حار (فلفل برّي),خضروات,خضار,غداء، عشاء,قياسي,40,1.9,8.8,0.4,1.5,5.3,9,14,1.0,19.0,88.0,9.0,4.75,منخفض,37.3,False,False,True
INT401,فلفل حلو مشوي,خضروات,خضار,غداء، عشاء,قياسي,35,1.0,8.2,0.5,2.1,4.5,5,10,0.4,11.4,93.7,12.9,2.86,منخفض,35.6,False,True,True
LBY084,فول أخضر بالزيت والكمون,بقوليات,بروتين,فطور، سناك,وصفة تقديرية,115,8.2,14.5,4.2,7.2,1.8,150,38,1.6,28.5,50.4,32.9,7.13,متوسط,64.2,False,True,False
INT183,فول أخضر مسلوق,بقوليات,بروتين,فطور، سناك,قياسي,110,8.0,17.6,0.7,7.5,1.8,5,36,1.5,29.1,64.0,5.7,7.27,متوسط,67.0,False,True,True
INT141,فول سوداني محمص,مكسرات,دهون,سناك,قياسي,567,25.8,16.1,49.2,8.5,4.7,18,92,4.6,18.2,11.4,78.1,4.55,عالي جداً,68.8,True,True,True
INT349,فول سوداني مملح (محمص جاف),مكسرات,دهون,سناك,قياسي,585,24.0,21.0,49.5,8.0,4.0,410,60,2.2,16.4,14.4,76.2,4.1,عالي جداً,68.2,True,True,False
INT131,فول مدمس (بالزيت),بقوليات,بروتين,فطور، عشاء,قياسي,110,7.5,14.0,4.5,5.5,0.8,320,35,2.2,27.3,50.9,36.8,6.82,متوسط,63.6,False,True,False
INT048,قديد ليبي,لحوم,بروتين,فطور، سناك,قياسي,410,33.2,11.0,25.6,1.8,9.2,2010,22,5.4,32.4,10.7,56.2,8.1,مرتفع,58.0,True,False,False
LBY047,قرابيش (حلويات مقلية),حلويات,حلويات,حلوى,وصفة تقديرية,430,5.0,55.0,21.0,1.2,25.0,110,20,0.8,4.7,51.2,44.0,1.16,مرتفع,29.7,False,False,True
INT390,قرع أحمر مشوي,خضروات,خضار,غداء، عشاء,قياسي,45,1.2,10.5,0.5,1.5,4.5,5,25,0.8,10.7,93.3,10.0,2.67,منخفض,34.7,False,True,True
INT359,قرفة (مشروب ساخن),مشروبات,خضار,سناك,قياسي,2,0.1,0.5,0.0,0.0,0.0,1,5,0.1,20.0,100.0,0.0,5.0,منخفض,28.8,False,True,True
INT270,قرفة مطحونة,مكونات,خضار,حلوى، فطور,قياسي,247,4.0,80.0,1.2,53.0,2.2,10,1002,8.3,6.5,100.0,4.4,1.62,متوسط,76.2,False,False,True
INT301,قرنبيط مهروس (بديل بطاطا),خضروات,خضار,عشاء، غداء,قياسي,45,2.0,5.5,2.2,2.5,2.1,180,30,0.5,17.8,48.9,44.0,4.44,منخفض,43.2,False,True,False
INT411,قريشة (جبنة ليبية),ألبان,ألبان,فطور، عشاء,وصفة تقديرية,120,15.0,3.5,5.0,0.0,3.0,380,150,0.2,50.0,11.7,37.5,12.5,متوسط,48.2,True,True,False
INT188,قشطة (قيمر),ألبان,دهون,فطور,قياسي,345,2.1,3.0,37.0,0.0,3.0,40,80,0.1,2.4,3.5,96.5,0.61,مرتفع,24.2,False,True,True
INT215,قطايف بالقشطة,حلويات,حلويات,حلوى,وصفة تقديرية,290,5.5,42.0,11.5,1.3,28.0,140,85,0.9,7.6,57.9,35.7,1.9,مرتفع,31.8,False,False,False
LBY028,قلاية ليبية (لحم وكبدة),أطباق لحوم,بروتين,غداء,وصفة تقديرية,210,24.5,2.1,12.4,0.0,0.5,420,15,5.8,46.7,4.0,53.1,11.67,متوسط,57.8,True,True,False
INT198,قلب مشوي (بقري),لحوم,بروتين,غداء,قياسي,165,28.0,0.1,5.0,0.0,0.0,60,7,6.4,67.9,0.2,27.3,16.97,متوسط,63.6,True,True,True
INT274,قهوة تركية,مشروبات,حلويات,فطور، سناك,قياسي,2,0.1,0.4,0.0,0.0,0.0,2,4,0.1,20.0,80.0,0.0,5.0,منخفض,28.8,False,True,True
INT360,قهوة خضراء,مشروبات,خضار,سناك,قياسي,2,0.1,0.4,0.0,0.0,0.0,1,2,0.1,20.0,80.0,0.0,5.0,منخفض,28.8,False,True,True
INT241,قهوة سريعة التحضير,مشروبات,حلويات,فطور، سناك,قياسي,2,0.1,0.3,0.0,0.0,0.0,2,4,0.1,20.0,60.0,0.0,5.0,منخفض,28.8,False,True,True
LBY059,قهوة عربية (بالحبان),مشروبات,حلويات,فطور، سناك,وصفة تقديرية,2,0.1,0.4,0.0,0.0,0.0,2,4,0.1,20.0,80.0,0.0,5.0,منخفض,28.8,False,True,True
INT445,قهوة مثلجة (بدون سكر),مشروبات,خضار,سناك,قياسي,2,0.1,0.4,0.0,0.0,0.0,5,5,0.1,20.0,80.0,0.0,5.0,منخفض,28.8,False,True,True
INT275,كابتشينو (بدون سكر),مشروبات,ألبان,فطور، سناك,قياسي,55,3.0,4.5,3.0,0.0,4.5,40,110,0.1,21.8,32.7,49.1,5.45,منخفض,30.7,False,True,True
INT443,كابتشينو بحليب الصويا,مشروبات,ألبان,فطور، سناك,وصفة تقديرية,45,3.2,4.0,1.8,0.5,3.5,35,80,0.5,28.4,35.6,36.0,7.11,منخفض,37.2,False,True,True
INT237,كاتشب طماطم,صلصات,حلويات,غداء، عشاء,قياسي,101,1.0,26.0,0.1,0.3,23.0,907,15,0.4,4.0,100.0,0.9,0.99,متوسط,19.2,False,False,False
INT140,كاجو محمص,مكسرات,دهون,سناك,قياسي,574,15.3,32.7,46.4,3.0,5.9,12,37,6.0,10.7,22.8,72.8,2.67,عالي جداً,53.5,True,False,True
INT217,كاسترد,حلويات,حلويات,حلوى,قياسي,110,3.0,16.0,4.0,0.0,14.0,55,115,0.1,10.9,58.2,32.7,2.73,متوسط,24.2,False,False,True
INT425,كاكا (خرما),فواكه,فواكه,سناك,قياسي,70,0.6,18.6,0.2,3.6,12.5,1,8,0.2,3.4,100.0,2.6,0.86,منخفض,31.9,False,False,True
INT244,كاكاو بالحليب,مشروبات,ألبان,سناك، فطور,وصفة تقديرية,110,4.5,18.0,3.8,1.2,15.0,60,140,0.8,16.4,65.5,31.1,4.09,متوسط,35.2,False,False,True
INT343,كالاماري (حبار) مشوي,أسماك,بروتين,غداء، عشاء,قياسي,92,15.5,3.1,1.4,0.0,0.0,44,32,0.7,67.4,13.5,13.7,16.85,منخفض,59.1,True,True,True
INT031,كبدة دجاج مطهوة,دواجن,بروتين,غداء، عشاء,قياسي,167,24.5,0.9,6.5,0.0,0.0,80,12,11.6,58.7,2.2,35.0,14.67,متوسط,61.6,True,True,True
INT197,كبدة مشوية (خروف),لحوم,بروتين,غداء,قياسي,185,26.0,3.5,7.0,0.0,0.0,85,10,8.5,56.2,7.6,34.1,14.05,متوسط,62.1,True,True,True
INT154,كرز طازج,فواكه,فواكه,سناك,قياسي,63,1.1,16.0,0.2,2.1,12.8,0,13,0.4,7.0,100.0,2.9,1.75,منخفض,31.2,False,False,True
INT200,كرشة مسلوقة (بدون حشو),لحوم,بروتين,غداء,قياسي,85,12.1,0.0,3.7,0.0,0.0,65,70,0.6,56.9,0.0,39.2,14.24,منخفض,54.7,False,True,True
INT172,كرفس طازج,خضروات,خضار,سناك، غداء، عشاء,قياسي,16,0.7,3.0,0.2,1.6,1.8,80,40,0.2,17.5,75.0,11.2,4.38,منخفض,36.5,False,True,True
INT391,كرفس مطهو,خضروات,خضار,غداء، عشاء,قياسي,18,0.8,4.0,0.2,1.7,1.8,135,42,0.2,17.8,88.9,10.0,4.44,منخفض,37.6,False,True,True
INT388,كرنب (ملفوف) مطهو,خضروات,خضار,غداء، عشاء,قياسي,23,1.3,5.5,0.1,2.0,2.8,18,48,0.2,22.6,95.7,3.9,5.65,منخفض,39.9,False,True,True
INT171,كرنب أحمر طازج,خضروات,خضار,غداء، عشاء,قياسي,31,1.4,7.4,0.2,2.1,3.8,27,45,0.8,18.1,95.5,5.8,4.52,منخفض,39.1,False,True,True
INT170,كرنب مسلوق,خضروات,خضار,غداء، عشاء,قياسي,23,1.3,5.5,0.1,2.0,2.8,18,48,0.2,22.6,95.7,3.9,5.65,منخفض,39.9,False,True,True
INT201,كرواسون سادة,مخبوزات,نشويات,فطور، سناك,قياسي,406,8.2,45.8,21.0,2.6,11.3,467,37,2.0,8.1,45.1,46.6,2.02,مرتفع,44.0,False,False,False
INT144,كستناء مشوية,مكسرات,نشويات,سناك,قياسي,245,3.2,53.0,2.2,5.1,10.6,2,27,0.9,5.2,86.5,8.1,1.31,متوسط,44.7,False,False,True
LBY064,كسكسي القمح الكامل,أطباق حبوب,نشويات,غداء,وصفة تقديرية,145,5.8,28.0,0.8,5.5,0.5,5,15,1.2,16.0,77.2,5.0,4.0,متوسط,64.7,False,True,True
LBY016,كسكسي بالحوت,أطباق سمك,بروتين,غداء,وصفة تقديرية,162,11.2,21.4,3.9,2.8,1.5,310,34,1.4,27.7,52.8,21.7,6.91,متوسط,61.1,False,True,False
INT071,كسكسي سادة مطهو,حبوب,نشويات,غداء، عشاء,قياسي,112,3.8,23.2,0.2,1.4,0.1,5,8,0.4,13.6,82.9,1.6,3.39,متوسط,53.8,False,True,True
LBY003,كسكسي ليبي (باللحم),أطباق حبوب,نشويات,غداء,وصفة تقديرية,171,7.9,22.5,5.6,3.2,2.0,280,27,1.6,18.5,52.6,29.5,4.62,متوسط,56.4,False,True,False
INT290,كعك الأرز (Rice Cakes),سناكس,نشويات,سناك,قياسي,380,8.0,80.0,3.0,4.0,1.0,250,10,1.5,8.4,84.2,7.1,2.11,مرتفع,61.9,False,False,False
LBY046,كعك حلو (بالكمون),حلويات,حلويات,حلوى، سناك,وصفة تقديرية,410,7.2,62.5,14.2,1.8,18.4,120,25,1.9,7.0,61.0,31.2,1.76,مرتفع,38.4,False,False,True
LBY025,كعك حلو ليبي,حلويات,حلويات,حلوى، سناك,وصفة تقديرية,410,7.2,62.5,14.2,1.8,18.4,120,25,1.9,7.0,61.0,31.2,1.76,مرتفع,38.4,False,False,True
LBY045,كعك مالح (ليبي),مخبوزات,نشويات,سناك,وصفة تقديرية,380,8.5,52.4,15.8,2.1,1.5,420,30,2.2,8.9,55.2,37.4,2.24,مرتفع,53.2,False,False,False
LBY024,كعك مالح ليبي,مخبوزات,نشويات,سناك,وصفة تقديرية,380,8.5,52.4,15.8,2.1,1.5,420,30,2.2,8.9,55.2,37.4,2.24,مرتفع,53.2,False,False,False
LBY085,كفتة حوت مشوية,أسماك,بروتين,غداء، عشاء,وصفة تقديرية,145,22.0,2.5,5.5,0.2,0.5,310,45,1.2,60.7,6.9,34.1,15.17,متوسط,60.0,True,True,False
INT344,كفتة دجاج مشوية,دواجن,بروتين,غداء، عشاء,وصفة تقديرية,165,22.0,3.5,6.5,0.5,1.1,380,25,1.5,53.3,8.5,35.5,13.33,متوسط,59.8,True,True,False
INT268,كمون مطحون,مكونات,خضار,غداء,قياسي,375,17.8,44.2,22.3,10.5,2.2,168,931,66.4,19.0,47.1,53.5,4.75,مرتفع,71.6,True,False,False
LBY066,كمية (حمص مسلوق ومتبل),سناكس,بروتين,سناك,وصفة تقديرية,160,9.0,24.0,2.8,7.5,1.2,350,45,2.5,22.5,60.0,15.8,5.62,متوسط,67.8,False,True,False
INT214,كنافة بالجبنة,حلويات,حلويات,حلوى,وصفة تقديرية,360,8.5,45.0,17.0,1.1,30.0,220,180,0.8,9.4,50.0,42.5,2.36,مرتفع,34.2,False,False,False
INT397,كوسا بالفرن (بدون زيت),خضروات,خضار,غداء، عشاء,قياسي,25,1.2,4.5,0.5,1.2,2.5,10,20,0.4,19.2,72.0,18.0,4.8,منخفض,36.1,False,True,True
INT119,كوسا مسلوقة,خضروات,خضار,غداء، عشاء,قياسي,15,1.1,3.4,0.4,1.0,2.5,1,18,0.4,29.3,90.7,24.0,7.33,منخفض,34.8,False,True,True
INT178,كوسا مشوية,خضروات,خضار,غداء، عشاء,قياسي,35,1.2,4.5,1.5,1.2,2.2,150,21,0.5,13.7,51.4,38.6,3.43,منخفض,35.5,False,True,False
INT300,كوسا نودلز (Zoodles),خضروات,خضار,عشاء,قياسي,17,1.2,3.1,0.3,1.0,2.0,8,16,0.4,28.2,72.9,15.9,7.06,منخفض,36.5,False,True,True
INT213,كوكيز بالشوكولاتة,حلويات,حلويات,حلوى، سناك,قياسي,488,4.5,62.0,25.0,2.4,33.0,320,30,2.5,3.7,50.8,46.1,0.92,عالي جداً,30.8,False,False,False
INT211,كيك شوكولاتة,حلويات,حلويات,حلوى، سناك,قياسي,389,4.2,50.0,19.5,2.5,35.0,340,45,2.4,4.3,51.4,45.1,1.08,مرتفع,30.7,False,False,False
INT210,كيك فانيليا,حلويات,حلويات,حلوى، سناك,قياسي,370,4.5,52.0,16.5,0.8,30.0,310,50,1.1,4.9,56.2,40.1,1.22,مرتفع,26.3,False,False,False
INT363,كيكة الشوفان والموز,حلويات,نشويات,حلوى، سناك,وصفة تقديرية,185,5.5,32.0,6.5,4.5,12.0,120,40,1.2,11.9,69.2,31.6,2.97,متوسط,46.2,False,False,True
INT303,كيل (Kale),خضروات,خضار,غداء، سناك,قياسي,49,4.3,8.8,0.9,3.6,2.3,38,150,1.5,35.1,71.8,16.5,8.78,منخفض,53.5,False,True,True
INT279,كينوا حمراء مطهوة,حبوب,نشويات,غداء، عشاء، فطور,قياسي,120,4.4,21.3,1.9,2.8,0.9,7,17,1.5,14.7,71.0,14.2,3.67,متوسط,54.2,False,True,True
INT159,كيوي طازج,فواكه,فواكه,سناك,قياسي,61,1.1,14.7,0.5,3.0,9.0,3,34,0.3,7.2,96.4,7.4,1.8,منخفض,35.0,False,False,True
INT444,لاتيه بحليب اللوز,مشروبات,ألبان,فطور، سناك,وصفة تقديرية,35,1.5,3.0,2.1,0.4,2.5,45,120,0.3,17.1,34.3,54.0,4.29,منخفض,31.6,False,True,True
INT410,لبن خض (طبيعي),ألبان,ألبان,فطور، غداء، عشاء,وصفة تقديرية,40,3.3,4.8,0.9,0.0,4.8,105,110,0.1,33.0,48.0,20.2,8.25,منخفض,33.0,False,True,True
INT251,لبن عيران (شنينة),مشروبات,ألبان,غداء، فطور، عشاء,قياسي,40,3.0,4.0,1.5,0.0,4.0,150,110,0.1,30.0,40.0,33.8,7.5,منخفض,32.4,False,True,False
INT105,لبنة,ألبان,ألبان,فطور، عشاء,قياسي,160,9.0,4.0,12.0,0.0,4.0,350,150,0.2,22.5,10.0,67.5,5.62,متوسط,39.4,False,True,False
INT045,لحم إبل مطهو,لحوم,بروتين,غداء,قياسي,152,28.4,0.0,3.5,0.0,0.0,70,12,3.1,74.7,0.0,20.7,18.68,متوسط,64.5,True,True,True
INT299,لحم ديك رومي (تيركي),دواجن,بروتين,غداء، عشاء,قياسي,135,30.0,0.0,1.0,0.0,0.0,65,15,1.1,88.9,0.0,6.7,22.22,متوسط,67.1,True,True,True
INT041,لحم مفروم مطهو,لحوم,بروتين,غداء، عشاء,قياسي,217,26.3,0.0,11.8,0.0,0.0,72,12,2.7,48.5,0.0,48.9,12.12,متوسط,61.1,True,True,True
INT393,لفت مسلوق,خضروات,خضار,غداء، عشاء,قياسي,22,0.7,5.1,0.1,2.0,3.0,16,30,0.3,12.7,92.7,4.1,3.18,منخفض,36.0,False,True,True
INT348,لوبيا حمراء مطهوة,بقوليات,بروتين,غداء,قياسي,127,8.7,22.8,0.5,7.4,0.3,2,28,2.2,27.4,71.8,3.5,6.85,متوسط,72.7,False,True,True
INT135,لوبيا مطبوخة,بقوليات,بروتين,غداء,قياسي,114,7.8,20.8,0.5,6.5,2.2,4,43,2.5,27.4,73.0,3.9,6.84,متوسط,65.0,False,True,True
INT137,لوز محمص مملح,مكسرات,دهون,سناك,قياسي,598,21.0,21.5,52.5,11.0,4.2,450,275,3.8,14.0,14.4,79.0,3.51,عالي جداً,69.0,True,True,False
INT136,لوز نيء,مكسرات,دهون,سناك,قياسي,579,21.2,21.7,49.9,12.5,4.4,1,269,3.7,14.6,15.0,77.6,3.66,عالي جداً,70.2,True,True,True
INT164,ليمون طازج,فواكه,فواكه,سناك,قياسي,29,1.1,9.3,0.3,2.8,2.5,2,26,0.6,15.2,100.0,9.3,3.79,منخفض,41.2,False,True,True
INT356,ماء جوز الهند,مشروبات,فواكه,سناك,قياسي,19,0.7,3.7,0.2,1.1,2.6,105,24,0.3,14.7,77.9,9.5,3.68,منخفض,33.0,False,True,True
INT272,ماء شرب,مشروبات,خضار,فطور، غداء، عشاء، سناك,قياسي,0,0.0,0.0,0.0,0.0,0.0,1,5,0.0,0.0,0.0,0.0,0.0,منخفض,27.6,False,True,True
INT273,ماء فوار,مشروبات,خضار,سناك، غداء,قياسي,0,0.0,0.0,0.0,0.0,0.0,10,10,0.0,0.0,0.0,0.0,0.0,منخفض,27.6,False,True,True
INT235,مارجرين (زبدة نباتية),زيوت,دهون,فطور، عشاء,قياسي,717,0.2,0.1,81.0,0.0,0.0,700,20,0.0,0.1,0.1,100.0,0.03,عالي جداً,19.3,False,True,False
INT152,مانجو طازجة,فواكه,فواكه,سناك,قياسي,60,0.8,15.0,0.4,1.6,13.7,1,11,0.2,5.3,100.0,6.0,1.33,منخفض,26.9,False,False,True
INT352,مانجو مجمدة,فواكه,فواكه,سناك,قياسي,60,0.8,15.0,0.4,1.6,13.7,1,11,0.2,5.3,100.0,6.0,1.33,منخفض,26.9,False,False,True
INT236,مايونيز,صلصات,دهون,غداء، عشاء,قياسي,680,1.0,0.6,75.0,0.0,0.6,635,20,0.2,0.6,0.4,99.3,0.15,عالي جداً,22.7,False,True,False
LBY008,مبطن بطاطا مقلي,مقبلات,خضار,غداء، سناك,وصفة تقديرية,211,10.4,18.5,10.7,2.6,1.4,360,22,2.2,19.7,35.1,45.6,4.93,متوسط,57.9,False,True,False
LBY002,مبكبكة (مكرونة بالصلصة),مكرونة,نشويات,غداء، عشاء,وصفة تقديرية,182,8.4,19.6,7.9,2.1,2.8,410,24,1.8,18.5,43.1,39.1,4.62,متوسط,52.1,False,True,False
LBY019,محشي خضار مشكل,خضار,خضار,غداء، عشاء,وصفة تقديرية,125,4.8,14.5,5.9,2.1,2.4,330,28,1.3,15.4,46.4,42.5,3.84,متوسط,47.6,False,True,False
LBY042,محلبية (رز بلبن ليبي),حلويات,حلويات,حلوى، عشاء,وصفة تقديرية,140,4.0,22.0,4.5,0.0,16.0,65,120,0.2,11.4,62.9,28.9,2.86,متوسط,25.9,False,False,True
INT337,محمرة (بالجوز والفلفل),مقبلات,دهون,سناك، غداء,وصفة تقديرية,180,4.5,12.0,14.5,3.5,4.5,210,45,2.1,10.0,26.7,72.5,2.5,متوسط,45.7,False,True,False
LBY027,محمصة بالخضرة,أطباق تقليدية,نشويات,عشاء,وصفة تقديرية,145,5.2,26.4,3.5,4.1,2.8,290,32,1.8,14.3,72.8,21.7,3.59,متوسط,53.5,False,True,False
LBY072,محمصة ليبية (بالبصلة),أطباق تقليدية,نشويات,غداء، عشاء,وصفة تقديرية,155,5.8,28.5,3.2,3.8,2.8,295,25,1.9,15.0,73.5,18.6,3.74,متوسط,54.2,False,True,False
INT199,مخ خروف مطهو,لحوم,دهون,غداء,قياسي,151,10.5,0.0,11.8,0.0,0.0,115,10,1.8,27.8,0.0,70.3,6.95,متوسط,50.8,False,True,True
LBY050,مخارق,حلويات,حلويات,حلوى,وصفة تقديرية,380,3.5,60.0,14.0,0.8,40.0,210,22,0.8,3.7,63.2,33.2,0.92,مرتفع,22.5,False,False,False
INT169,مخلل خيار (تورش),مقبلات,خضار,غداء، عشاء,قياسي,11,0.3,2.3,0.2,1.2,1.1,1208,12,0.4,10.9,83.6,16.4,2.73,منخفض,33.4,False,True,False
INT223,مربى فراولة,سكريات,حلويات,فطور، سناك,قياسي,278,0.6,69.0,0.0,1.1,66.0,12,20,0.9,0.9,99.3,0.0,0.22,مرتفع,15.2,False,False,True
INT319,مسحوق الكاكاو (خام),مكونات,دهون,سناك، حلوى,قياسي,228,19.6,57.9,13.7,33.2,1.8,21,128,13.9,34.4,100.0,54.1,8.6,متوسط,85.1,True,False,True
INT254,مشروب شعير (خالي من الكحول),مشروبات,نشويات,سناك,قياسي,42,0.3,10.0,0.0,0.2,6.5,5,10,0.1,2.9,95.2,0.0,0.71,منخفض,20.5,False,False,True
INT250,مشروب طاقة,مشروبات,حلويات,سناك,قياسي,45,0.3,11.0,0.0,0.0,10.5,40,15,0.1,2.7,97.8,0.0,0.67,منخفض,16.1,False,False,True
INT248,مشروب غازي (كولا),مشروبات,حلويات,غداء، سناك,قياسي,38,0.0,9.8,0.0,0.0,9.5,4,2,0.0,0.0,100.0,0.0,0.0,منخفض,13.6,False,False,True
INT249,مشروب غازي دايت,مشروبات,حلويات,غداء، سناك,قياسي,0,0.0,0.1,0.0,0.0,0.0,15,2,0.0,0.0,0.0,0.0,0.0,منخفض,27.6,False,True,True
INT156,مشمش طازج,فواكه,فواكه,سناك,قياسي,48,1.4,11.1,0.4,2.0,9.2,1,13,0.4,11.7,92.5,7.5,2.92,منخفض,33.9,False,False,True
INT146,مشمش مجفف,فواكه,فواكه,سناك,قياسي,241,3.4,62.6,0.5,7.3,53.4,10,55,2.7,5.6,100.0,1.9,1.41,متوسط,40.7,False,False,True
INT259,مقرمشات ذرة (بفك),سناكس,نشويات,سناك,قياسي,520,6.0,58.0,30.0,2.5,4.0,850,15,1.2,4.6,44.6,51.9,1.15,عالي جداً,45.1,False,False,False
LBY022,مقروض ليبي,حلويات,حلويات,حلوى، سناك,وصفة تقديرية,421,5.4,63.2,16.1,3.9,28.4,110,32,1.4,5.1,60.0,34.4,1.28,مرتفع,38.0,False,False,True
LBY036,مقروض ليبي (بالتمر),حلويات,حلويات,حلوى، سناك,وصفة تقديرية,421,5.4,63.2,16.1,3.9,28.4,110,32,1.4,5.1,60.0,34.4,1.28,مرتفع,38.0,False,False,True
INT324,مكرونة الحمص مسلوقة,مكرونة,بروتين,غداء، عشاء,قياسي,160,11.5,24.0,2.5,5.0,0.8,12,25,2.8,28.7,60.0,14.1,7.19,متوسط,68.5,False,True,True
INT325,مكرونة العدس مسلوقة,مكرونة,بروتين,غداء، عشاء,قياسي,155,12.0,22.0,1.2,4.5,0.6,10,22,3.2,31.0,56.8,7.0,7.74,متوسط,70.0,False,True,True
INT323,مكرونة القمح الكامل مسلوقة,مكرونة,نشويات,غداء، عشاء,قياسي,124,5.3,26.5,0.5,3.9,0.5,4,12,1.1,17.1,85.5,3.6,4.27,متوسط,61.5,False,True,True
LBY035,مكرونة جارية بالقديد,مكرونة,نشويات,عشاء، غداء,وصفة تقديرية,215,11.5,22.1,10.8,2.2,2.1,580,30,2.5,21.4,41.1,45.2,5.35,متوسط,56.3,False,True,False
INT068,مكرونة سادة مسلوقة,مكرونة,نشويات,غداء، عشاء,قياسي,157,5.8,30.5,0.9,1.8,0.6,1,7,1.3,14.8,77.7,5.2,3.69,متوسط,56.1,False,False,True
LBY078,مكرونة مبخرة (بدون دهن زائد),مكرونة,نشويات,غداء,وصفة تقديرية,165,7.2,25.8,4.5,2.1,1.8,240,20,1.5,17.5,62.5,24.5,4.36,متوسط,53.4,False,True,False
INT415,مكسرات مشكلة (بدون ملح),مكسرات,دهون,سناك,قياسي,607,18.0,21.0,54.0,7.5,4.2,10,120,3.2,11.9,13.8,80.1,2.97,عالي جداً,63.9,True,True,True
INT266,ملح طعام,مكونات,خضار,غداء، فطور، عشاء,قياسي,0,0.0,0.0,0.0,0.0,0.0,38758,24,0.3,0.0,0.0,0.0,0.0,منخفض,27.6,False,True,False
LBY029,ملوخية ليبية (باللحم),أطباق خضار,خضار,غداء,وصفة تقديرية,115,12.8,4.2,6.5,3.8,0.8,340,120,3.5,44.5,14.6,50.9,11.13,متوسط,65.7,False,True,False
INT206,مناقيش زعتر,معجنات,دهون,فطور، عشاء,وصفة تقديرية,310,7.0,42.0,14.0,4.5,1.5,420,110,3.5,9.0,54.2,40.6,2.26,مرتفع,56.9,False,False,False
INT362,مهلبية الشوفان (دايت),حلويات,نشويات,حلوى، فطور,وصفة تقديرية,95,4.5,15.0,2.5,2.5,4.5,45,120,0.8,18.9,63.2,23.7,4.74,منخفض,46.8,False,True,True
INT110,موز,فواكه,فواكه,سناك، فطور,قياسي,89,1.1,22.8,0.3,2.6,12.2,1,5,0.3,4.9,100.0,3.0,1.24,منخفض,32.7,False,False,True
INT446,مياه منكهة بالفواكه,مشروبات,خضار,سناك,قياسي,2,0.0,0.5,0.0,0.0,0.4,5,2,0.0,0.0,100.0,0.0,0.0,منخفض,25.6,False,True,True
INT431,نبق (سدر),فواكه,نشويات,سناك,وصفة تقديرية,105,1.2,25.0,0.5,5.0,18.0,5,30,1.2,4.6,95.2,4.3,1.14,متوسط,35.6,False,False,True
INT242,نسكافيه بالحليب,مشروبات,ألبان,فطور، سناك,وصفة تقديرية,65,3.2,5.5,3.5,0.0,5.0,45,110,0.1,19.7,33.8,48.5,4.92,منخفض,30.5,False,False,True
INT232,نشاء ذرة,مكونات,نشويات,غداء، عشاء,قياسي,381,0.3,91.3,0.1,0.9,0.0,9,2,0.5,0.3,95.9,0.2,0.08,مرتفع,36.7,False,False,True
INT176,نعناع طازج,خضروات,خضار,سناك,قياسي,70,3.8,14.9,0.9,8.0,0.0,31,243,5.1,21.7,85.1,11.6,5.43,منخفض,65.9,False,True,True
INT424,نكترين,فواكه,فواكه,سناك,قياسي,44,1.1,10.6,0.3,1.7,7.9,0,6,0.3,10.0,96.4,6.1,2.5,منخفض,32.3,False,False,True
INT263,هامبرغر بقري,لحوم سريعة,بروتين,غداء، عشاء,قياسي,280,16.0,22.0,15.0,1.5,4.0,620,50,2.5,22.9,31.4,48.2,5.71,مرتفع,54.0,True,True,False
INT262,هامبرغر دجاج,لحوم سريعة,بروتين,غداء، عشاء,قياسي,260,14.0,20.0,13.0,1.2,3.5,580,45,1.8,21.5,30.8,45.0,5.38,مرتفع,52.3,False,True,False
INT395,هليون مسلوق,خضروات,خضار,غداء، عشاء,قياسي,20,2.2,3.7,0.1,2.1,1.9,2,24,2.1,44.0,74.0,4.5,11.0,منخفض,45.8,False,True,True
INT304,هليون مشوي,خضروات,خضار,غداء، عشاء,قياسي,35,3.0,5.0,1.5,2.5,2.0,150,25,2.1,34.3,57.1,38.6,8.57,منخفض,47.4,False,True,False
INT436,يخنة خضار مشكلة,يخنات,خضار,غداء، عشاء,قياسي,55,2.0,9.0,1.5,2.8,3.5,180,35,1.1,14.5,65.5,24.5,3.64,منخفض,42.4,False,True,False
INT438,يخنة سبانخ بالليمون,يخنات,خضار,غداء، عشاء,وصفة تقديرية,50,4.0,5.5,2.1,3.2,0.8,190,110,3.2,32.0,44.0,37.8,8.0,منخفض,54.4,False,True,False
INT437,يخنة فطر (مشروم),يخنات,خضار,غداء، عشاء,وصفة تقديرية,45,3.2,5.5,1.8,1.5,1.2,220,10,0.8,28.4,48.9,36.0,7.11,منخفض,46.4,False,True,False
INT329,يقطين (قرع عسل) مسلوق,خضروات,خضار,غداء، عشاء,قياسي,20,0.7,4.9,0.1,0.5,2.1,1,15,0.6,14.0,98.0,4.5,3.5,منخفض,30.9,False,True,True
INT404,يقطين (قرع) مسلوق,خضروات,خضار,غداء، عشاء,قياسي,20,0.7,4.9,0.1,0.5,2.1,1,15,0.6,14.0,98.0,4.5,3.5,منخفض,30.9,False,True,True
