fdc_id,name,category,food_group,source,calories,protein,carbs,fat,fiber,sugar,sodium,calcium,iron,meal_type
LBY001,بازين (شعير تقليدي),أطباق تقليدية,نشويات,وصفة تقديرية,165,5.3,30.4,2.1,4.8,0.7,220,18,1.5,غداء
LBY002,مبكبكة (مكرونة بالصلصة),مكرونة,نشويات,وصفة تقديرية,182,8.4,19.6,7.9,2.1,2.8,410,24,1.8,غداء، عشاء
LBY003,كسكسي ليبي (باللحم),أطباق حبوب,نشويات,وصفة تقديرية,171,7.9,22.5,5.6,3.2,2.0,280,27,1.6,غداء
LBY004,رشدة كسكاس (مبخرة),مكرونة,نشويات,وصفة تقديرية,176,8.8,24.3,4.7,2.3,1.9,295,26,1.7,غداء
LBY005,عصيدة ليبية,حلويات/فطور,نشويات,وصفة تقديرية,197,3.6,42.1,2.4,1.1,16.8,38,11,0.6,فطور، حلوى
LBY006,بسيسة ليبية,فطور,نشويات,وصفة تقديرية,402,13.8,58.4,11.5,9.1,2.9,8,54,4.3,فطور، سناك
LBY007,طاجين جبن ليبي,أطباق لحوم,بروتين,وصفة تقديرية,229,12.5,8.9,15.8,0.8,2.0,430,198,1.1,غداء، عشاء
LBY008,مبطن بطاطا مقلي,مقبلات,خضار,وصفة تقديرية,211,10.4,18.5,10.7,2.6,1.4,360,22,2.2,غداء، سناك
LBY009,عصبان ليبي,أطباق لحوم,بروتين,وصفة تقديرية,238,16.8,5.1,17.3,1.2,0.8,510,45,4.9,غداء
LBY010,شوربة ليبية,شوربات,خضار,وصفة تقديرية,82,5.2,7.1,3.5,1.4,1.6,320,18,0.9,غداء، عشاء
LBY011,زميتة,فطور,نشويات,وصفة تقديرية,389,12.9,56.7,10.8,8.4,2.5,9,51,3.9,فطور
LBY012,أرز مسقي ليبي,أطباق أرز,نشويات,وصفة تقديرية,194,7.2,25.8,6.8,1.5,3.2,260,21,1.4,غداء
LBY013,براك (ورق عنب),مقبلات,خضار,وصفة تقديرية,145,4.2,16.8,7.3,2.4,1.8,310,42,1.8,غداء، عشاء
LBY014,فتات درناوي,أطباق تقليدية,نشويات,وصفة تقديرية,185,9.4,22.1,6.5,2.1,1.2,340,29,1.9,غداء
LBY015,برغل بالبصلة,أطباق حبوب,نشويات,وصفة تقديرية,155,6.5,24.8,3.8,4.2,1.1,285,22,1.7,غداء
LBY016,كسكسي بالحوت,أطباق سمك,بروتين,وصفة تقديرية,162,11.2,21.4,3.9,2.8,1.5,310,34,1.4,غداء
LBY018,شكشوكة ليبية,أطباق بيض,بروتين,وصفة تقديرية,118,7.3,5.4,7.6,1.5,3.1,270,49,2.0,فطور، عشاء
LBY019,محشي خضار مشكل,خضار,خضار,وصفة تقديرية,125,4.8,14.5,5.9,2.1,2.4,330,28,1.3,غداء، عشاء
INT021,صدر دجاج مشوي,دواجن,بروتين,قياسي,165,31.0,0.0,3.6,0.0,0.0,74,15,1.0,غداء، عشاء
INT022,صدر دجاج مسلوق,دواجن,بروتين,قياسي,151,30.5,0.0,3.2,0.0,0.0,65,13,0.9,غداء، عشاء
INT023,صدر دجاج بالفرن,دواجن,بروتين,قياسي,165,31.0,0.0,3.6,0.0,0.0,70,14,1.0,غداء، عشاء
INT024,دجاج بانيه مقلي,دواجن,بروتين,قياسي,260,24.5,12.8,13.2,0.5,0.2,420,18,1.2,غداء
INT025,دجاج قلاية هوائية,دواجن,بروتين,قياسي,185,29.0,2.1,6.8,0.2,0.1,110,16,1.1,غداء، عشاء
INT026,فخذ دجاج مشوي,دواجن,بروتين,قياسي,179,24.8,0.0,8.2,0.0,0.0,82,12,1.2,غداء، عشاء
INT031,كبدة دجاج مطهوة,دواجن,بروتين,قياسي,167,24.5,0.9,6.5,0.0,0.0,80,12,11.6,غداء، عشاء
INT035,ريش خروف مشوية,لحوم,بروتين,قياسي,216,28.2,0.0,10.8,0.0,0.0,72,18,2.1,غداء
INT036,فخذ خروف محمر,لحوم,بروتين,قياسي,191,26.5,0.0,8.8,0.0,0.0,64,15,2.0,غداء
INT039,ستيك بقري مشوي,لحوم,بروتين,قياسي,214,29.1,0.0,10.1,0.0,0.0,58,22,2.8,غداء، عشاء
INT041,لحم مفروم مطهو,لحوم,بروتين,قياسي,217,26.3,0.0,11.8,0.0,0.0,72,12,2.7,غداء، عشاء
INT045,لحم إبل مطهو,لحوم,بروتين,قياسي,152,28.4,0.0,3.5,0.0,0.0,70,12,3.1,غداء
INT048,قديد ليبي,لحوم,بروتين,قياسي,410,33.2,11.0,25.6,1.8,9.2,2010,22,5.4,فطور، سناك
INT051,بيض مسلوق,بيض,بروتين,قياسي,155,12.6,1.1,10.6,0.0,1.1,124,50,1.2,فطور، سناك
INT053,بيض مقلي,بيض,بروتين,قياسي,196,13.6,0.9,14.8,0.0,0.9,180,55,1.3,فطور، عشاء
INT057,أومليت سادة,بيض,بروتين,قياسي,154,10.5,0.6,11.8,0.0,0.5,155,51,1.1,فطور، عشاء
INT060,أرز أبيض مسلوق,حبوب,نشويات,قياسي,130,2.7,28.2,0.3,0.4,0.1,1,10,0.2,غداء، عشاء
INT062,أرز أسمر مسلوق,حبوب,نشويات,قياسي,111,2.6,23.0,0.9,1.8,0.4,5,10,0.4,غداء، عشاء
INT063,أرز بسمتي مسلوق,حبوب,نشويات,قياسي,121,3.5,25.2,0.4,0.5,0.1,1,12,0.3,غداء، عشاء
INT066,سباغيتي مسلوقة,مكرونة,نشويات,قياسي,158,5.8,30.7,0.9,1.8,0.6,1,7,1.3,غداء، عشاء
INT068,مكرونة سادة مسلوقة,مكرونة,نشويات,قياسي,157,5.8,30.5,0.9,1.8,0.6,1,7,1.3,غداء، عشاء
INT071,كسكسي سادة مطهو,حبوب,نشويات,قياسي,112,3.8,23.2,0.2,1.4,0.1,5,8,0.4,غداء، عشاء
INT073,برغل مطهو,حبوب,نشويات,قياسي,83,3.1,18.6,0.2,4.5,0.1,5,10,1.0,غداء، عشاء
INT075,شوفان بالماء,حبوب,نشويات,قياسي,71,2.5,12.0,1.4,1.7,0.3,2,8,1.0,فطور
INT076,شوفان بالحليب,حبوب,نشويات,قياسي,105,4.8,15.2,3.2,1.7,4.5,45,120,1.1,فطور
INT077,بطاطا مسلوقة,خضروات,نشويات,قياسي,87,1.9,20.1,0.1,1.8,0.9,4,5,0.3,غداء، عشاء
INT078,بطاطا مشوية,خضروات,نشويات,قياسي,93,2.5,21.2,0.1,2.2,0.8,10,15,1.1,غداء، عشاء
INT080,بطاطا مقلية,خضروات,نشويات,قياسي,312,3.4,41.4,14.7,3.8,0.3,210,18,0.8,سناك، غداء
INT082,بطاطا حلوة مشوية,خضروات,نشويات,قياسي,90,2.0,20.7,0.2,3.3,6.5,36,38,0.7,فطور، سناك
INT087,ذرة مسلوقة,خضروات,نشويات,قياسي,96,3.4,21.0,1.5,2.4,4.5,1,2,0.5,سناك، غداء
INT090,شاورما دجاج (لحم),دواجن,بروتين,وصفة تقديرية,185,22.4,2.5,9.2,0.3,0.5,420,24,1.4,غداء، عشاء
INT095,فلافل (طعمية),نباتي,بروتين,قياسي,333,13.3,31.8,17.8,4.9,4.8,290,54,3.4,فطور، عشاء
INT096,حمص بطحينة,نباتي,بروتين,قياسي,166,7.9,14.3,9.6,6.0,0.3,380,38,2.4,سناك، فطور
INT098,شوربة عدس ليبية,شوربات,خضار,وصفة تقديرية,95,6.2,14.5,1.8,4.5,1.2,285,24,2.1,عشاء، غداء
LBY021,سفنز ليبي,معجنات,نشويات,وصفة تقديرية,326,6.5,49.8,11.8,1.9,11.2,210,20,1.7,فطور، سناك
LBY022,مقروض ليبي,حلويات,حلويات,وصفة تقديرية,421,5.4,63.2,16.1,3.9,28.4,110,32,1.4,حلوى، سناك
LBY023,غريبة ليبية,حلويات,حلويات,وصفة تقديرية,485,4.8,58.2,26.5,1.2,24.5,85,15,0.8,حلوى، سناك
LBY024,كعك مالح ليبي,مخبوزات,نشويات,وصفة تقديرية,380,8.5,52.4,15.8,2.1,1.5,420,30,2.2,سناك
LBY025,كعك حلو ليبي,حلويات,حلويات,وصفة تقديرية,410,7.2,62.5,14.2,1.8,18.4,120,25,1.9,حلوى، سناك
INT101,حليب كامل الدسم,ألبان,ألبان,قياسي,61,3.2,4.8,3.3,0.0,4.8,44,113,0.0,فطور، عشاء
INT102,حليب قليل الدسم,ألبان,ألبان,قياسي,42,3.4,5.0,1.0,0.0,5.0,47,125,0.0,فطور، عشاء
INT103,زبادي سادة,ألبان,ألبان,قياسي,59,3.5,4.7,3.3,0.0,4.7,46,121,0.1,فطور، عشاء، سناك
INT104,جبنة بيضاء (فيتا),ألبان,ألبان,قياسي,264,14.2,4.1,21.3,0.0,4.1,917,493,0.7,فطور، عشاء
INT105,لبنة,ألبان,ألبان,قياسي,160,9.0,4.0,12.0,0.0,4.0,350,150,0.2,فطور، عشاء
INT106,زيت زيتون,زيوت,دهون,قياسي,884,0.0,0.0,100.0,0.0,0.0,2,1,0.6,فطور، غداء، عشاء
INT107,زبدة حيوانية,زيوت,دهون,قياسي,717,0.9,0.1,81.1,0.0,0.1,11,24,0.0,فطور
INT108,تمر (خضاري/دجلة),فواكه,فواكه,قياسي,277,1.8,75.0,0.2,6.7,66.5,1,64,0.9,فطور، سناك، حلوى
INT109,تفاح (بالقشر),فواكه,فواكه,قياسي,52,0.3,13.8,0.2,2.4,10.4,1,6,0.1,سناك
INT110,موز,فواكه,فواكه,قياسي,89,1.1,22.8,0.3,2.6,12.2,1,5,0.3,سناك، فطور
INT111,برتقال,فواكه,فواكه,قياسي,47,0.9,11.8,0.1,2.4,9.4,0,40,0.1,سناك
INT112,خيار (طازج),خضروات,خضار,قياسي,15,0.7,3.6,0.1,0.5,1.7,2,16,0.3,فطور، غداء، عشاء، سناك
INT113,طماطم (طازجة),خضروات,خضار,قياسي,18,0.9,3.9,0.2,1.2,2.6,5,10,0.3,فطور، غداء، عشاء
INT114,خس,خضروات,خضار,قياسي,15,1.4,2.9,0.2,1.3,0.8,28,36,0.9,غداء، عشاء
INT115,فلفل أخضر (حلو),خضروات,خضار,قياسي,20,0.9,4.6,0.2,1.7,2.4,3,10,0.3,غداء، عشاء
INT116,بصل (طازج),خضروات,خضار,قياسي,40,1.1,9.3,0.1,1.7,4.2,4,23,0.2,غداء، عشاء
INT117,ثوم (طازج),خضروات,خضار,قياسي,149,6.4,33.1,0.5,2.1,1.0,17,181,1.7,غداء، عشاء
INT118,باذنجان مشوي,خضروات,خضار,قياسي,25,1.0,5.9,0.2,3.0,3.5,2,9,0.2,غداء، عشاء
INT119,كوسا مسلوقة,خضروات,خضار,قياسي,15,1.1,3.4,0.4,1.0,2.5,1,18,0.4,غداء، عشاء
INT120,جزر (طازج),خضروات,خضار,قياسي,41,0.9,9.6,0.2,2.8,4.7,69,33,0.3,سناك، غداء
LBY026,شوربة دشيشة ليبية,شوربات,خضار,وصفة تقديرية,85,4.5,12.5,2.8,3.2,1.2,310,22,1.4,عشاء، غداء
LBY027,محمصة بالخضرة,أطباق تقليدية,نشويات,وصفة تقديرية,145,5.2,26.4,3.5,4.1,2.8,290,32,1.8,عشاء
LBY028,قلاية ليبية (لحم وكبدة),أطباق لحوم,بروتين,وصفة تقديرية,210,24.5,2.1,12.4,0.0,0.5,420,15,5.8,غداء
LBY029,ملوخية ليبية (باللحم),أطباق خضار,خضار,وصفة تقديرية,115,12.8,4.2,6.5,3.8,0.8,340,120,3.5,غداء
LBY030,فاصوليا ليبية بالكرشة,بقوليات,بروتين,وصفة تقديرية,185,14.2,16.8,8.4,5.2,1.5,480,45,4.2,غداء
LBY031,رز بلاو (أرز بالخلطة),أطباق أرز,نشويات,وصفة تقديرية,230,8.5,32.4,10.2,2.1,3.5,310,28,2.1,غداء
LBY032,شرمولة ليبية (طماطم وخيار),سلطات,خضار,وصفة تقديرية,45,1.2,5.4,2.5,1.8,3.2,120,18,0.8,غداء، عشاء، سناك
LBY033,سلطة مشوية ليبية,سلطات,خضار,وصفة تقديرية,65,1.8,8.2,3.8,2.5,4.1,150,22,1.1,غداء، عشاء
LBY034,فتات مسلاتي,أطباق تقليدية,نشويات,وصفة تقديرية,190,8.8,24.5,7.2,2.4,1.4,320,26,1.7,غداء
LBY035,مكرونة جارية بالقديد,مكرونة,نشويات,وصفة تقديرية,215,11.5,22.1,10.8,2.2,2.1,580,30,2.5,عشاء، غداء
INT121,بروكلي مسلوق,خضروات,خضار,قياسي,35,2.4,7.2,0.4,3.3,1.7,33,47,0.7,غداء، عشاء
INT122,بروكلي مشوي,خضروات,خضار,قياسي,55,2.8,8.4,2.5,3.5,1.5,45,52,0.8,غداء، عشاء
INT123,زهرة (قرنبيط) مسلوقة,خضروات,خضار,قياسي,25,1.9,5.0,0.3,2.0,1.9,30,22,0.4,غداء، عشاء
INT124,زهرة (قرنبيط) مشوية,خضروات,خضار,قياسي,65,2.2,6.5,4.2,2.5,2.1,85,28,0.6,غداء، عشاء
INT125,سبانخ مطهوة,خضروات,خضار,قياسي,23,3.0,3.6,0.3,2.4,0.4,70,136,3.6,غداء، عشاء
INT126,باميا بالصلصة,خضروات,خضار,قياسي,60,2.1,9.5,2.5,3.2,2.4,280,82,0.6,غداء
INT127,فاصوليا خضراء مسلوقة,خضروات,خضار,قياسي,31,1.8,7.0,0.1,3.4,3.3,6,37,1.0,غداء، عشاء
INT128,بازلاء خضراء مسلوقة,خضروات,نشويات,قياسي,81,5.4,14.5,0.4,5.1,5.7,5,25,1.5,غداء، عشاء
INT130,فلفل حار (فلفل برّي),خضروات,خضار,قياسي,40,1.9,8.8,0.4,1.5,5.3,9,14,1.0,غداء، عشاء
INT131,فول مدمس (بالزيت),بقوليات,بروتين,قياسي,110,7.5,14.0,4.5,5.5,0.8,320,35,2.2,فطور، عشاء
INT132,حمص مسلوق (بدون طحينة),بقوليات,بروتين,قياسي,164,8.9,27.4,2.6,7.6,4.8,7,49,2.9,سناك، غداء
INT133,عدس أصفر مطبوخ,بقوليات,بروتين,قياسي,116,9.0,20.1,0.4,7.9,1.8,2,19,3.3,غداء، عشاء
INT134,فاصوليا بيضاء مطبوخة,بقوليات,بروتين,قياسي,139,9.7,25.1,0.4,11.0,0.3,5,63,3.7,غداء
INT135,لوبيا مطبوخة,بقوليات,بروتين,قياسي,114,7.8,20.8,0.5,6.5,2.2,4,43,2.5,غداء
INT136,لوز نيء,مكسرات,دهون,قياسي,579,21.2,21.7,49.9,12.5,4.4,1,269,3.7,سناك
INT137,لوز محمص مملح,مكسرات,دهون,قياسي,598,21.0,21.5,52.5,11.0,4.2,450,275,3.8,سناك
INT138,جوز (عين جمل),مكسرات,دهون,قياسي,654,15.2,13.7,65.2,6.7,2.6,2,98,2.9,سناك
INT139,فستق حلبي نيء,مكسرات,دهون,قياسي,562,20.2,27.2,45.3,10.6,7.7,1,105,3.9,سناك
INT140,كاجو محمص,مكسرات,دهون,قياسي,574,15.3,32.7,46.4,3.0,5.9,12,37,6.0,سناك
INT141,فول سوداني محمص,مكسرات,دهون,قياسي,567,25.8,16.1,49.2,8.5,4.7,18,92,4.6,سناك
INT142,بذور عباد الشمس,مكسرات,دهون,قياسي,584,20.8,20.0,51.5,8.6,2.6,9,78,5.3,سناك
INT144,كستناء مشوية,مكسرات,نشويات,قياسي,245,3.2,53.0,2.2,5.1,10.6,2,27,0.9,سناك
INT145,تين مجفف,فواكه,فواكه,قياسي,249,3.3,63.9,0.9,9.8,47.9,10,162,2.0,سناك، فطور
INT146,مشمش مجفف,فواكه,فواكه,قياسي,241,3.4,62.6,0.5,7.3,53.4,10,55,2.7,سناك
INT147,زبيب,فواكه,فواكه,قياسي,299,3.1,79.2,0.5,3.7,59.2,11,50,1.9,سناك، غداء
INT148,عنب طازج,فواكه,فواكه,قياسي,69,0.7,18.1,0.2,0.9,15.5,2,10,0.4,سناك
INT149,بطيخ أحمر (دلاع),فواكه,فواكه,قياسي,30,0.6,7.6,0.2,0.4,6.2,1,7,0.2,سناك
INT150,شمام (قلعاوي),فواكه,فواكه,قياسي,34,0.8,8.2,0.2,0.9,7.9,16,9,0.2,سناك
INT151,فراولة طازجة,فواكه,فواكه,قياسي,32,0.7,7.7,0.3,2.0,4.9,1,16,0.4,سناك
INT152,مانجو طازجة,فواكه,فواكه,قياسي,60,0.8,15.0,0.4,1.6,13.7,1,11,0.2,سناك
INT153,أناناس طازج,فواكه,فواكه,قياسي,50,0.5,13.1,0.1,1.4,9.9,1,13,0.3,سناك
INT154,كرز طازج,فواكه,فواكه,قياسي,63,1.1,16.0,0.2,2.1,12.8,0,13,0.4,سناك
INT155,خوخ طازج,فواكه,فواكه,قياسي,39,0.9,9.5,0.3,1.5,8.4,0,6,0.3,سناك
INT156,مشمش طازج,فواكه,فواكه,قياسي,48,1.4,11.1,0.4,2.0,9.2,1,13,0.4,سناك
INT157,إجاص (كمثرى),فواكه,فواكه,قياسي,57,0.4,15.2,0.1,3.1,9.8,1,9,0.2,سناك
INT158,رمان,فواكه,فواكه,قياسي,83,1.7,18.7,1.2,4.0,13.7,3,10,0.3,سناك
INT159,كيوي طازج,فواكه,فواكه,قياسي,61,1.1,14.7,0.5,3.0,9.0,3,34,0.3,سناك
INT160,جوافة طازجة,فواكه,فواكه,قياسي,68,2.6,14.3,1.0,5.4,8.9,2,18,0.3,سناك
INT161,توت أزرق,فواكه,فواكه,قياسي,57,0.7,14.5,0.3,2.4,10.0,1,6,0.3,سناك
INT164,ليمون طازج,فواكه,فواكه,قياسي,29,1.1,9.3,0.3,2.8,2.5,2,26,0.6,سناك
INT165,سفرجل مطهو,فواكه,فواكه,قياسي,57,0.4,15.3,0.1,1.9,12.5,4,11,0.7,سناك
INT166,أفوكادو طازج,فواكه,دهون,قياسي,160,2.0,8.5,14.7,6.7,0.7,7,12,0.6,فطور، سناك، عشاء
INT167,زيتون أخضر مملح,مقبلات,دهون,قياسي,145,1.0,3.8,15.3,3.3,0.5,1556,52,0.5,فطور، غداء، عشاء
INT168,زيتون أسود مملح,مقبلات,دهون,قياسي,115,0.8,6.3,10.7,1.6,0.0,735,88,0.9,فطور، غداء، عشاء
INT169,مخلل خيار (تورش),مقبلات,خضار,قياسي,11,0.3,2.3,0.2,1.2,1.1,1208,12,0.4,غداء، عشاء
INT170,كرنب مسلوق,خضروات,خضار,قياسي,23,1.3,5.5,0.1,2.0,2.8,18,48,0.2,غداء، عشاء
INT171,كرنب أحمر طازج,خضروات,خضار,قياسي,31,1.4,7.4,0.2,2.1,3.8,27,45,0.8,غداء، عشاء
INT172,كرفس طازج,خضروات,خضار,قياسي,16,0.7,3.0,0.2,1.6,1.8,80,40,0.2,سناك، غداء، عشاء
INT173,فجل أحمر طازج,خضروات,خضار,قياسي,16,0.7,3.4,0.1,1.6,1.9,39,25,0.3,غداء، عشاء
INT174,جرجير طازج,خضروات,خضار,قياسي,25,2.6,3.7,0.7,1.6,2.1,27,160,1.5,غداء، عشاء
INT175,بقدونس طازج,خضروات,خضار,قياسي,36,3.0,6.3,0.8,3.3,0.8,56,138,6.2,غداء، عشاء
INT176,نعناع طازج,خضروات,خضار,قياسي,70,3.8,14.9,0.9,8.0,0.0,31,243,5.1,سناك
INT177,شبت طازج,خضروات,خضار,قياسي,43,3.5,7.0,1.1,2.1,0.0,61,208,6.6,غداء، عشاء
INT178,كوسا مشوية,خضروات,خضار,قياسي,35,1.2,4.5,1.5,1.2,2.2,150,21,0.5,غداء، عشاء
INT179,باذنجان مقلي,خضروات,خضار,قياسي,189,1.0,12.5,15.8,3.4,3.2,240,15,0.6,غداء، عشاء
INT180,بنجر (شمندر) مسلوق,خضروات,خضار,قياسي,44,1.7,10.0,0.2,2.0,7.9,77,16,0.7,سناك، غداء
INT181,بطاطا مشوية بالفرن,خضروات,نشويات,قياسي,93,2.5,21.1,0.1,2.2,1.2,10,15,1.1,غداء، عشاء
INT182,ذرة حلوة (معلبة),خضروات,نشويات,قياسي,67,2.3,14.5,1.2,2.0,3.2,250,2,0.4,غداء، عشاء، سناك
INT183,فول أخضر مسلوق,بقوليات,بروتين,قياسي,110,8.0,17.6,0.7,7.5,1.8,5,36,1.5,فطور، سناك
INT184,ترمس مسلوق,بقوليات,بروتين,قياسي,119,15.6,9.9,2.9,2.8,0.5,4,51,1.2,سناك
INT185,جبنة شيدر,ألبان,ألبان,قياسي,403,24.9,1.3,33.1,0.0,0.5,621,721,0.7,فطور، عشاء، سناك
INT186,جبنة موزاريلا,ألبان,ألبان,قياسي,280,22.2,2.2,17.1,0.0,1.0,627,505,0.4,عشاء
INT187,جبنة مثلثات,ألبان,ألبان,قياسي,250,11.0,5.0,21.0,0.0,4.0,950,400,0.2,فطور، عشاء، سناك
INT188,قشطة (قيمر),ألبان,دهون,قياسي,345,2.1,3.0,37.0,0.0,3.0,40,80,0.1,فطور
INT189,بيض عين مقلي,بيض,بروتين,قياسي,190,13.0,0.8,14.5,0.0,0.8,180,55,1.3,فطور، عشاء
INT190,تونة معلبة (بالماء),أسماك,بروتين,قياسي,116,25.5,0.0,0.8,0.0,0.0,350,11,1.5,غداء، عشاء، سناك
INT191,تونة معلبة (بالزيت),أسماك,بروتين,قياسي,198,24.0,0.0,11.2,0.0,0.0,380,13,1.4,غداء، عشاء
INT192,سردين معلب بالزيت,أسماك,بروتين,قياسي,208,24.6,0.0,11.5,0.0,0.0,305,382,2.9,فطور، غداء، عشاء
INT193,جمبري (روبيان) مشوي,أسماك,بروتين,قياسي,99,24.0,0.2,0.3,0.0,0.0,705,70,0.5,غداء، عشاء
INT194,سلمون مشوي,أسماك,بروتين,قياسي,208,20.0,0.0,13.0,0.0,0.0,59,12,0.3,غداء، عشاء
INT195,سمك مشوي (قاروص/ورات),أسماك,بروتين,قياسي,124,24.0,0.0,3.0,0.0,0.0,65,30,0.4,غداء
INT196,سمك مقلي,أسماك,بروتين,قياسي,232,18.5,8.2,13.8,0.3,0.1,380,25,0.8,غداء
INT197,كبدة مشوية (خروف),لحوم,بروتين,قياسي,185,26.0,3.5,7.0,0.0,0.0,85,10,8.5,غداء
INT198,قلب مشوي (بقري),لحوم,بروتين,قياسي,165,28.0,0.1,5.0,0.0,0.0,60,7,6.4,غداء
INT199,مخ خروف مطهو,لحوم,دهون,قياسي,151,10.5,0.0,11.8,0.0,0.0,115,10,1.8,غداء
INT200,كرشة مسلوقة (بدون حشو),لحوم,بروتين,قياسي,85,12.1,0.0,3.7,0.0,0.0,65,70,0.6,غداء
LBY036,مقروض ليبي (بالتمر),حلويات,حلويات,وصفة تقديرية,421,5.4,63.2,16.1,3.9,28.4,110,32,1.4,حلوى، سناك
LBY037,غريبة ليبية (سادة),حلويات,حلويات,وصفة تقديرية,485,4.8,58.2,26.5,1.2,24.5,85,15,0.8,حلوى، سناك
LBY038,غريبة بالحلقوم,حلويات,حلويات,وصفة تقديرية,460,4.2,65.0,22.0,1.0,35.0,90,12,0.7,حلوى
LBY039,بكلاوة ليبية,حلويات,حلويات,وصفة تقديرية,540,6.5,48.0,36.5,2.5,32.0,120,45,1.5,حلوى
LBY040,عبنبر (حلويات لوز),حلويات,حلويات,وصفة تقديرية,450,12.0,42.0,28.0,3.5,38.0,45,85,2.1,حلوى، سناك
LBY041,بسبوسة ليبية,حلويات,حلويات,وصفة تقديرية,320,4.5,48.0,12.5,1.2,34.0,150,65,0.9,حلوى
LBY042,محلبية (رز بلبن ليبي),حلويات,حلويات,وصفة تقديرية,140,4.0,22.0,4.5,0.0,16.0,65,120,0.2,حلوى، عشاء
LBY043,سفنز سادة,معجنات,نشويات,وصفة تقديرية,326,6.5,49.8,11.8,1.9,2.5,210,20,1.7,فطور، سناك
LBY044,سفنز بالبيض,معجنات,بروتين,وصفة تقديرية,380,12.5,50.5,15.5,1.9,2.6,340,55,2.5,فطور
LBY045,كعك مالح (ليبي),مخبوزات,نشويات,وصفة تقديرية,380,8.5,52.4,15.8,2.1,1.5,420,30,2.2,سناك
LBY046,كعك حلو (بالكمون),حلويات,حلويات,وصفة تقديرية,410,7.2,62.5,14.2,1.8,18.4,120,25,1.9,حلوى، سناك
LBY047,قرابيش (حلويات مقلية),حلويات,حلويات,وصفة تقديرية,430,5.0,55.0,21.0,1.2,25.0,110,20,0.8,حلوى
LBY048,دبلة (حلويات ليبية),حلويات,حلويات,وصفة تقديرية,490,4.5,58.0,28.0,1.1,30.0,95,18,0.7,حلوى
LBY049,زلابية ليبية,حلويات,حلويات,وصفة تقديرية,350,2.5,65.0,9.0,0.5,45.0,180,15,0.6,حلوى
LBY050,مخارق,حلويات,حلويات,وصفة تقديرية,380,3.5,60.0,14.0,0.8,40.0,210,22,0.8,حلوى
LBY051,خبزة كوشة (ليبية),مخبوزات,نشويات,وصفة تقديرية,265,9.0,54.0,1.5,2.5,1.2,450,25,1.8,فطور، غداء، عشاء
LBY052,خبزة تنور,مخبوزات,نشويات,وصفة تقديرية,275,9.5,56.0,1.2,3.0,0.8,480,30,2.2,فطور، غداء، عشاء
LBY053,خبزة شعير (تقليدية),مخبوزات,نشويات,وصفة تقديرية,245,8.5,48.0,1.8,7.5,0.5,420,45,2.8,فطور، غداء، عشاء
LBY054,فطيرة ليبية (مشلتت),معجنات,نشويات,وصفة تقديرية,360,7.5,45.0,18.0,1.5,2.5,380,35,1.5,فطور، عشاء
LBY055,بوريك جبنة (ليبي),مقبلات,ألبان,وصفة تقديرية,250,9.5,22.0,14.5,1.0,1.8,450,180,1.2,سناك، عشاء
LBY056,شاي أحمر ليبي (سادة),مشروبات,حلويات,وصفة تقديرية,1,0.0,0.3,0.0,0.0,0.0,2,5,0.1,سناك، فطور
LBY057,شاي باللوز (ليبي),مشروبات,دهون,وصفة تقديرية,85,2.5,6.5,6.0,1.2,5.5,5,25,0.6,سناك
LBY058,شاي بالكاوكاو (فول سوداني),مشروبات,دهون,وصفة تقديرية,95,3.2,5.8,7.5,1.0,5.0,10,18,0.5,سناك
LBY059,قهوة عربية (بالحبان),مشروبات,حلويات,وصفة تقديرية,2,0.1,0.4,0.0,0.0,0.0,2,4,0.1,فطور، سناك
LBY060,عصير روينة,مشروبات,نشويات,وصفة تقديرية,120,2.5,24.0,1.5,2.1,14.0,15,35,0.8,سناك
INT201,كرواسون سادة,مخبوزات,نشويات,قياسي,406,8.2,45.8,21.0,2.6,11.3,467,37,2.0,فطور، سناك
INT202,توست أبيض,مخبوزات,نشويات,قياسي,265,9.0,49.0,3.2,2.7,5.0,490,100,3.3,فطور، عشاء
INT203,توست أسمر (قمح كامل),مخبوزات,نشويات,قياسي,247,13.0,41.0,3.4,7.0,6.0,400,160,2.5,فطور، عشاء
INT204,خبز فرنسي (باجيت),مخبوزات,نشويات,قياسي,274,10.7,52.0,2.4,2.2,2.2,602,52,3.7,غداء، عشاء
INT205,عجينة بيتزا,مخبوزات,نشويات,قياسي,266,8.0,50.0,3.5,2.3,3.5,550,20,2.5,غداء، عشاء
INT206,مناقيش زعتر,معجنات,دهون,وصفة تقديرية,310,7.0,42.0,14.0,4.5,1.5,420,110,3.5,فطور، عشاء
INT207,فطيرة سبانخ,معجنات,خضار,وصفة تقديرية,240,6.5,32.0,10.5,3.5,1.8,480,85,2.8,سناك، عشاء
INT208,فطيرة جبنة,معجنات,ألبان,وصفة تقديرية,290,11.0,35.0,12.0,1.2,2.5,550,210,1.2,فطور، عشاء
INT209,دونات سادة,حلويات,حلويات,قياسي,452,4.9,51.0,25.0,1.8,22.0,320,40,2.2,حلوى، سناك
INT210,كيك فانيليا,حلويات,حلويات,قياسي,370,4.5,52.0,16.5,0.8,30.0,310,50,1.1,حلوى، سناك
INT211,كيك شوكولاتة,حلويات,حلويات,قياسي,389,4.2,50.0,19.5,2.5,35.0,340,45,2.4,حلوى، سناك
INT212,بسكويت شاي,حلويات,حلويات,قياسي,440,7.0,72.0,14.0,2.1,20.0,380,35,1.8,سناك
INT213,كوكيز بالشوكولاتة,حلويات,حلويات,قياسي,488,4.5,62.0,25.0,2.4,33.0,320,30,2.5,حلوى، سناك
INT214,كنافة بالجبنة,حلويات,حلويات,وصفة تقديرية,360,8.5,45.0,17.0,1.1,30.0,220,180,0.8,حلوى
INT215,قطايف بالقشطة,حلويات,حلويات,وصفة تقديرية,290,5.5,42.0,11.5,1.3,28.0,140,85,0.9,حلوى
INT216,أرز بالحليب (رز بلبن),حلويات,ألبان,قياسي,111,3.2,18.5,2.8,0.1,12.0,48,110,0.2,حلوى، عشاء
INT217,كاسترد,حلويات,حلويات,قياسي,110,3.0,16.0,4.0,0.0,14.0,55,115,0.1,حلوى
INT218,جيلي (هلام),حلويات,حلويات,قياسي,62,1.2,14.0,0.0,0.0,13.5,35,2,0.0,حلوى، سناك
INT219,بوظة (آيس كريم) فانيليا,حلويات,ألبان,قياسي,207,3.5,24.0,11.0,0.7,21.0,80,128,0.1,حلوى
INT220,شوكولاتة داكنة (70%),حلويات,حلويات,قياسي,598,7.8,45.0,42.0,8.0,24.0,20,73,11.9,سناك
INT221,شوكولاتة بالحليب,حلويات,حلويات,قياسي,535,7.7,59.0,29.7,3.4,51.0,79,189,2.4,سناك
INT222,عسل نحل طبيعي,سكريات,حلويات,قياسي,304,0.3,82.4,0.0,0.2,82.1,4,6,0.4,فطور، سناك
INT223,مربى فراولة,سكريات,حلويات,قياسي,278,0.6,69.0,0.0,1.1,66.0,12,20,0.9,فطور، سناك
INT224,دبس تمر (رُب),سكريات,حلويات,وصفة تقديرية,290,1.5,72.0,0.1,2.5,68.0,25,50,1.8,فطور
INT225,حلاوة طحينية,حلويات,دهون,قياسي,516,12.0,53.0,30.0,5.0,45.0,195,350,4.5,فطور، سناك
INT226,سكر أبيض,سكريات,حلويات,قياسي,387,0.0,100.0,0.0,0.0,100.0,1,1,0.1,فطور، غداء، عشاء
INT227,سكر أسمر,سكريات,حلويات,قياسي,380,0.0,98.0,0.0,0.0,97.0,28,83,0.7,فطور، غداء، عشاء
INT228,دقيق قمح أبيض,حبوب,نشويات,قياسي,364,10.3,76.3,1.0,2.7,0.3,2,15,1.2,فطور، غداء، عشاء
INT229,دقيق قمح كامل,حبوب,نشويات,قياسي,339,13.2,72.0,2.5,10.7,0.4,5,34,3.9,فطور، غداء، عشاء
INT230,دقيق شعير,حبوب,نشويات,قياسي,345,10.5,74.5,1.6,10.1,0.8,12,33,3.6,فطور، غداء، عشاء
INT231,سميد (سيمولينا),حبوب,نشويات,قياسي,360,12.7,72.8,1.1,3.9,0.0,1,17,1.2,فطور، غداء، عشاء
INT232,نشاء ذرة,مكونات,نشويات,قياسي,381,0.3,91.3,0.1,0.9,0.0,9,2,0.5,غداء، عشاء
INT233,زيت نباتي (ذرة/دوار شمس),زيوت,دهون,قياسي,884,0.0,0.0,100.0,0.0,0.0,0,0,0.0,غداء، عشاء
INT234,سمن حيواني,زيوت,دهون,قياسي,900,0.0,0.0,100.0,0.0,0.0,2,0,0.0,فطور، غداء
INT235,مارجرين (زبدة نباتية),زيوت,دهون,قياسي,717,0.2,0.1,81.0,0.0,0.0,700,20,0.0,فطور، عشاء
INT236,مايونيز,صلصات,دهون,قياسي,680,1.0,0.6,75.0,0.0,0.6,635,20,0.2,غداء، عشاء
INT237,كاتشب طماطم,صلصات,حلويات,قياسي,101,1.0,26.0,0.1,0.3,23.0,907,15,0.4,غداء، عشاء
INT238,خردل (مستردة),صلصات,دهون,قياسي,66,4.4,5.0,4.0,3.3,1.0,1135,58,1.5,غداء، عشاء
INT240,صلصة صويا,صلصات,بروتين,قياسي,53,8.0,4.9,0.6,0.8,0.4,5493,20,1.5,غداء
INT241,قهوة سريعة التحضير,مشروبات,حلويات,قياسي,2,0.1,0.3,0.0,0.0,0.0,2,4,0.1,فطور، سناك
INT242,نسكافيه بالحليب,مشروبات,ألبان,وصفة تقديرية,65,3.2,5.5,3.5,0.0,5.0,45,110,0.1,فطور، سناك
INT243,شاي أخضر (بدون سكر),مشروبات,خضار,قياسي,1,0.0,0.2,0.0,0.0,0.0,1,0,0.0,فطور، سناك، عشاء
INT244,كاكاو بالحليب,مشروبات,ألبان,وصفة تقديرية,110,4.5,18.0,3.8,1.2,15.0,60,140,0.8,سناك، فطور
INT245,عصير برتقال طبيعي,مشروبات,فواكه,قياسي,45,0.7,10.4,0.2,0.2,8.4,1,11,0.2,فطور، سناك
INT246,عصير تفاح,مشروبات,فواكه,قياسي,46,0.1,11.3,0.1,0.2,9.6,4,8,0.1,سناك
INT247,عصير ليمون بالنعناع,مشروبات,فواكه,وصفة تقديرية,40,0.4,10.5,0.1,0.5,9.5,5,12,0.2,سناك
INT248,مشروب غازي (كولا),مشروبات,حلويات,قياسي,38,0.0,9.8,0.0,0.0,9.5,4,2,0.0,غداء، سناك
INT249,مشروب غازي دايت,مشروبات,حلويات,قياسي,0,0.0,0.1,0.0,0.0,0.0,15,2,0.0,غداء، سناك
INT250,مشروب طاقة,مشروبات,حلويات,قياسي,45,0.3,11.0,0.0,0.0,10.5,40,15,0.1,سناك
INT251,لبن عيران (شنينة),مشروبات,ألبان,قياسي,40,3.0,4.0,1.5,0.0,4.0,150,110,0.1,غداء، فطور، عشاء
INT252,عصير مانجو,مشروبات,فواكه,قياسي,60,0.5,15.0,0.2,0.5,13.5,2,10,0.2,سناك
INT253,عصير كوكتيل فواكه,مشروبات,فواكه,قياسي,55,0.4,13.5,0.2,0.6,12.0,5,15,0.3,سناك
INT254,مشروب شعير (خالي من الكحول),مشروبات,نشويات,قياسي,42,0.3,10.0,0.0,0.2,6.5,5,10,0.1,سناك
INT255,شراب كركديه,مشروبات,خضار,وصفة تقديرية,35,0.1,9.0,0.0,0.2,8.5,2,12,0.5,سناك
INT256,فشار (بوشار) بالزيت,سناكس,نشويات,قياسي,450,9.0,55.0,25.0,10.0,0.5,600,10,2.5,سناك
INT257,فشار (بوشار) بدون زيت,سناكس,نشويات,قياسي,387,12.0,77.0,5.0,14.5,0.8,5,12,3.2,سناك
INT258,بطاطس شيبس (أكياس),سناكس,نشويات,قياسي,536,7.0,53.0,35.0,4.8,0.5,550,25,1.6,سناك
INT259,مقرمشات ذرة (بفك),سناكس,نشويات,قياسي,520,6.0,58.0,30.0,2.5,4.0,850,15,1.2,سناك
INT260,أندومي (نودلز فورية),معجنات,نشويات,قياسي,450,9.0,60.0,18.0,2.5,1.5,1200,20,3.5,عشاء، سناك
INT261,بيتزا مارغريتا,معجنات,نشويات,قياسي,250,10.0,30.0,10.0,2.2,2.5,550,180,1.5,غداء، عشاء
INT262,هامبرغر دجاج,لحوم سريعة,بروتين,قياسي,260,14.0,20.0,13.0,1.2,3.5,580,45,1.8,غداء، عشاء
INT263,هامبرغر بقري,لحوم سريعة,بروتين,قياسي,280,16.0,22.0,15.0,1.5,4.0,620,50,2.5,غداء، عشاء
INT264,بطاطس مهروسة سادة,خضروات,نشويات,قياسي,85,2.0,18.0,0.2,2.1,1.0,5,12,0.4,غداء، عشاء
INT265,طحينة سائلة,زيوت,دهون,قياسي,595,17.0,21.0,53.0,9.0,0.5,115,420,9.0,فطور، سناك
INT266,ملح طعام,مكونات,خضار,قياسي,0,0.0,0.0,0.0,0.0,0.0,38758,24,0.3,غداء، فطور، عشاء
INT267,بهارات مشكلة (بزار),مكونات,خضار,قياسي,300,10.0,50.0,10.0,20.0,1.5,50,450,15.0,غداء
INT268,كمون مطحون,مكونات,خضار,قياسي,375,17.8,44.2,22.3,10.5,2.2,168,931,66.4,غداء
INT269,فلفل أسود,مكونات,خضار,قياسي,251,10.4,64.0,3.3,25.3,0.6,20,443,28.9,غداء
INT270,قرفة مطحونة,مكونات,خضار,قياسي,247,4.0,80.0,1.2,53.0,2.2,10,1002,8.3,حلوى، فطور
INT271,زعتر مطحون (خلطة),مكونات,خضار,وصفة تقديرية,280,8.0,35.0,12.0,10.0,1.2,350,600,25.0,فطور
INT272,ماء شرب,مشروبات,خضار,قياسي,0,0.0,0.0,0.0,0.0,0.0,1,5,0.0,فطور، غداء، عشاء، سناك
INT273,ماء فوار,مشروبات,خضار,قياسي,0,0.0,0.0,0.0,0.0,0.0,10,10,0.0,سناك، غداء
INT274,قهوة تركية,مشروبات,حلويات,قياسي,2,0.1,0.4,0.0,0.0,0.0,2,4,0.1,فطور، سناك
INT275,كابتشينو (بدون سكر),مشروبات,ألبان,قياسي,55,3.0,4.5,3.0,0.0,4.5,40,110,0.1,فطور، سناك
LBY061,زميتة (بدون سكر),فطور,نشويات,وصفة تقديرية,340,13.5,52.0,8.5,12.0,0.5,10,55,4.5,فطور
LBY062,دشيشة شعير بالخضار,شوربات,خضار,وصفة تقديرية,65,3.2,11.5,1.5,4.0,1.2,180,30,1.8,عشاء، غداء
LBY063,خبزة شعير كامل,مخبوزات,نشويات,وصفة تقديرية,220,9.0,42.0,2.5,9.5,0.4,320,50,3.2,فطور، غداء، عشاء
LBY064,كسكسي القمح الكامل,أطباق حبوب,نشويات,وصفة تقديرية,145,5.8,28.0,0.8,5.5,0.5,5,15,1.2,غداء
LBY065,سلطة خضراء ليبية,سلطات,خضار,وصفة تقديرية,35,1.5,4.5,1.5,2.2,2.1,45,18,0.7,غداء، عشاء
LBY066,كمية (حمص مسلوق ومتبل),سناكس,بروتين,وصفة تقديرية,160,9.0,24.0,2.8,7.5,1.2,350,45,2.5,سناك
LBY067,شوربة عدس (بدون دهون),شوربات,خضار,وصفة تقديرية,75,5.8,12.0,0.5,4.8,0.8,210,25,2.3,عشاء، غداء
LBY068,صدور دجاج مشوية متبلة,دواجن,بروتين,وصفة تقديرية,155,30.5,0.5,3.2,0.0,0.0,280,15,1.1,غداء، عشاء
LBY069,حوت (سمك) مشوي بالتنور,أسماك,بروتين,وصفة تقديرية,110,23.5,0.0,1.8,0.0,0.0,95,35,0.8,غداء
LBY070,طاجين خضار (بدون لحم),خضروات,خضار,وصفة تقديرية,85,2.5,14.0,2.5,3.8,3.5,180,45,1.2,غداء، عشاء
INT276,بذور الشيا,بذور,دهون,قياسي,486,16.5,42.1,30.7,34.4,0.0,16,631,7.7,فطور، سناك
INT277,بذور الكتان,بذور,دهون,قياسي,534,18.3,28.9,42.2,27.3,1.5,30,255,5.7,فطور، سناك
INT278,فريك مطبوخ,حبوب,نشويات,قياسي,120,5.0,22.0,0.5,6.0,0.2,5,15,1.5,غداء
INT279,كينوا حمراء مطهوة,حبوب,نشويات,قياسي,120,4.4,21.3,1.9,2.8,0.9,7,17,1.5,غداء، عشاء، فطور
INT280,زبادي يوناني سادة,ألبان,ألبان,قياسي,59,10.0,3.6,0.4,0.0,3.2,36,110,0.0,فطور، عشاء، سناك
INT281,زبادي يوناني (خالي الدسم),ألبان,ألبان,قياسي,54,10.2,3.9,0.0,0.0,3.9,38,115,0.0,فطور، عشاء، سناك
INT282,جبنة قريش,ألبان,ألبان,قياسي,98,11.1,3.4,4.3,0.0,2.7,364,83,0.1,فطور، عشاء
INT283,توفو (مكعبات مطهوة),نباتي,بروتين,قياسي,85,8.0,2.0,5.0,1.0,0.0,10,350,1.5,غداء، عشاء
INT284,حليب لوز (بدون سكر),مشروبات,ألبان,قياسي,15,0.6,0.6,1.1,0.3,0.0,70,180,0.2,فطور، سناك
INT285,حليب صويا (بدون سكر),مشروبات,ألبان,قياسي,33,2.8,1.8,1.6,0.5,0.4,40,120,0.6,فطور، سناك
INT286,حليب جوز هند (مخفف),مشروبات,ألبان,قياسي,20,0.2,0.8,2.0,0.0,0.0,15,100,0.0,فطور، سناك
INT287,حليب شوفان,مشروبات,ألبان,قياسي,45,1.0,7.0,1.5,0.8,3.5,45,120,0.2,فطور، سناك
INT288,زبدة فول سوداني (طبيعية),دهون,دهون,قياسي,588,25.0,20.0,50.0,6.0,9.0,15,45,1.9,فطور، سناك
INT289,زبدة اللوز (طبيعية),دهون,دهون,قياسي,614,21.0,18.0,55.0,10.0,4.5,5,260,3.5,فطور، سناك
INT290,كعك الأرز (Rice Cakes),سناكس,نشويات,قياسي,380,8.0,80.0,3.0,4.0,1.0,250,10,1.5,سناك
INT291,إيدامامي (فول صويا أخضر),بقوليات,بروتين,قياسي,122,11.0,10.0,5.0,5.0,2.2,6,63,2.3,سناك
INT292,تيرميس مسلوق (بدون ملح),بقوليات,بروتين,قياسي,119,15.5,10.0,2.9,2.8,0.5,4,50,1.2,سناك
INT293,أرز أسود مطهو,حبوب,نشويات,قياسي,145,4.5,32.0,1.0,3.5,0.5,5,10,1.5,غداء
INT294,خبز الساوردو (خميرة طبيعية),مخبوزات,نشويات,قياسي,240,8.5,48.0,1.2,2.5,1.5,520,30,2.1,فطور، عشاء
INT295,سلمون فيليه مشوي,أسماك,بروتين,قياسي,208,20.5,0.0,13.5,0.0,0.0,60,15,0.5,غداء، عشاء
INT296,تونة بالماء (مصفاة),أسماك,بروتين,قياسي,116,26.0,0.0,0.8,0.0,0.0,320,12,1.2,غداء، عشاء، سناك
INT297,بياض بيض مطهو,بيض,بروتين,قياسي,52,11.0,0.7,0.2,0.0,0.7,165,7,0.1,فطور، عشاء
INT298,جمبري مسلوق,أسماك,بروتين,قياسي,99,24.0,0.2,0.3,0.0,0.0,700,70,0.5,غداء، عشاء
INT299,لحم ديك رومي (تركي),دواجن,بروتين,قياسي,135,30.0,0.0,1.0,0.0,0.0,65,15,1.1,غداء، عشاء
INT300,كوسا نودلز (Zoodles),خضروات,خضار,قياسي,17,1.2,3.1,0.3,1.0,2.0,8,16,0.4,عشاء
INT301,قرنبيط مهروس (بديل بطاطا),خضروات,خضار,قياسي,45,2.0,5.5,2.2,2.5,2.1,180,30,0.5,عشاء، غداء
INT302,سبانخ طازجة,خضروات,خضار,قياسي,23,2.9,3.6,0.4,2.2,0.4,79,99,2.7,سناك، فطور، غداء، عشاء
INT303,كيل (Kale),خضروات,خضار,قياسي,49,4.3,8.8,0.9,3.6,2.3,38,150,1.5,غداء، سناك
INT304,هليون مشوي,خضروات,خضار,قياسي,35,3.0,5.0,1.5,2.5,2.0,150,25,2.1,غداء، عشاء
INT305,خرشوف مسلوق,خضروات,خضار,قياسي,47,3.3,10.5,0.2,5.4,1.0,94,44,1.3,غداء
INT306,فجل طازج,خضروات,خضار,قياسي,16,0.7,3.4,0.1,1.6,1.9,39,25,0.3,سناك، غداء
INT307,براعم البروكلي,خضروات,خضار,قياسي,35,3.0,5.0,0.5,3.0,1.5,15,40,0.8,سناك، غداء
INT308,توت أسود (Blackberries),فواكه,فواكه,قياسي,43,1.4,9.6,0.5,5.3,4.9,1,29,0.6,سناك
INT309,توت بري (Cranberries),فواكه,فواكه,قياسي,46,0.4,12.2,0.1,4.6,4.0,2,8,0.3,سناك
INT310,أفوكادو مشوي,فواكه,دهون,قياسي,167,2.1,8.5,15.5,6.7,0.7,10,12,0.6,فطور، عشاء
INT311,جوز بيكان (Pecan),مكسرات,دهون,قياسي,691,9.2,13.9,72.0,9.6,4.0,0,70,2.5,سناك
INT312,بذور دوار الشمس (مقشر),مكسرات,دهون,قياسي,584,20.8,20.0,51.5,8.6,2.6,9,78,5.3,سناك
INT313,بذور السمسم,مكسرات,دهون,قياسي,573,17.7,23.4,49.7,11.8,0.3,11,975,14.6,سناك، فطور
INT314,بذور القنب (Hemp Seeds),مكسرات,بروتين,قياسي,553,31.6,8.7,48.8,4.0,1.5,5,70,8.0,فطور، سناك
INT315,شراب القيقب (الأصلي),سكريات,حلويات,قياسي,260,0.0,67.0,0.0,0.0,60.0,12,102,0.1,فطور، حلوى
INT316,ستيفيا (محلي طبيعي),سكريات,حلويات,قياسي,0,0.0,0.0,0.0,0.0,0.0,0,0,0.0,فطور، غداء، عشاء، حلوى
INT317,خل التفاح الطبيعي,مكونات,خضار,قياسي,3,0.0,0.1,0.0,0.0,0.0,1,1,0.0,سناك، غداء
INT319,مسحوق الكاكاو (خام),مكونات,دهون,قياسي,228,19.6,57.9,13.7,33.2,1.8,21,128,13.9,سناك، حلوى
INT320,جرانولا (منزلية منخفضة السكر),سناكس,نشويات,وصفة تقديرية,420,10.0,55.0,18.0,8.5,10.0,15,60,3.5,فطور، سناك
INT321,شوفان مقطع (Steel Cut),حبوب,نشويات,قياسي,375,12.5,67.0,6.2,10.0,1.0,0,50,4.5,فطور
INT322,برغل خشن مطهو,حبوب,نشويات,قياسي,83,3.0,18.5,0.2,4.5,0.1,5,10,1.0,غداء، عشاء
INT323,مكرونة القمح الكامل مسلوقة,مكرونة,نشويات,قياسي,124,5.3,26.5,0.5,3.9,0.5,4,12,1.1,غداء، عشاء
INT324,مكرونة الحمص مسلوقة,مكرونة,بروتين,قياسي,160,11.5,24.0,2.5,5.0,0.8,12,25,2.8,غداء، عشاء
INT325,مكرونة العدس مسلوقة,مكرونة,بروتين,قياسي,155,12.0,22.0,1.2,4.5,0.6,10,22,3.2,غداء، عشاء
INT326,رقائق الشوفان (خام),حبوب,نشويات,قياسي,389,16.9,66.3,6.9,10.6,0.0,2,54,4.7,فطور
INT327,بندق نيء,مكسرات,دهون,قياسي,628,15.0,16.7,60.8,9.7,4.3,0,114,4.7,سناك
INT328,صنوبر,مكسرات,دهون,قياسي,673,13.7,13.1,68.4,3.7,3.6,2,16,5.5,سناك
INT329,يقطين (قرع عسل) مسلوق,خضروات,خضار,قياسي,20,0.7,4.9,0.1,0.5,2.1,1,15,0.6,غداء، عشاء
INT330,فلفل ألوان مشوي,خضروات,خضار,قياسي,45,1.2,9.5,1.5,2.1,5.0,2,12,0.5,غداء، عشاء
INT332,سلطة كينوا بالخضار,سلطات,نشويات,وصفة تقديرية,110,4.0,18.0,3.5,3.2,2.5,120,25,1.8,غداء، عشاء
INT333,سلطة جرجير بالرمان,سلطات,خضار,وصفة تقديرية,55,1.5,8.0,2.5,2.0,5.5,80,45,1.2,غداء، عشاء
INT334,تبولة (برغل قليل وزيت قليل),سلطات,خضار,وصفة تقديرية,65,2.1,8.5,3.0,2.8,1.8,110,35,2.5,غداء، عشاء
INT335,فتوش (خبز محمص بالفرن),سلطات,خضار,وصفة تقديرية,75,2.0,12.0,2.5,2.2,3.1,150,30,1.1,غداء، عشاء
INT336,بابا غنوج (بدون زيت زائد),مقبلات,خضار,وصفة تقديرية,60,1.5,6.5,3.5,3.0,3.2,180,25,0.8,فطور، غداء، عشاء
INT337,محمرة (بالجوز والفلفل),مقبلات,دهون,وصفة تقديرية,180,4.5,12.0,14.5,3.5,4.5,210,45,2.1,سناك، غداء
INT338,شوربة طماطم مشوية,شوربات,خضار,وصفة تقديرية,45,1.2,8.5,1.2,1.8,4.5,320,20,0.6,عشاء
INT339,شوربة بروكلي كريمية (لايت),شوربات,خضار,وصفة تقديرية,55,3.5,6.5,2.5,2.1,2.0,280,45,0.8,عشاء
INT340,شوربة فطر (بدون كريمة دسمة),شوربات,خضار,وصفة تقديرية,40,2.5,5.5,1.5,1.2,1.5,310,15,0.6,عشاء
INT341,سمك مشوي فيليه (هامور),أسماك,بروتين,قياسي,105,21.5,0.0,1.5,0.0,0.0,75,30,0.6,غداء
INT342,سمك مشوي (دنيس),أسماك,بروتين,قياسي,115,22.0,0.0,2.5,0.0,0.0,65,40,0.5,غداء
INT343,كالاماري (حبار) مشوي,أسماك,بروتين,قياسي,92,15.5,3.1,1.4,0.0,0.0,44,32,0.7,غداء، عشاء
INT344,كفتة دجاج مشوية,دواجن,بروتين,وصفة تقديرية,165,22.0,3.5,6.5,0.5,1.1,380,25,1.5,غداء، عشاء
INT345,شيش طاووق مشوي,دواجن,بروتين,وصفة تقديرية,150,24.0,2.1,4.5,0.2,0.8,410,22,1.2,غداء، عشاء
INT346,صدور رومي مدخنة,دواجن,بروتين,قياسي,104,17.0,1.5,2.5,0.0,1.2,850,15,0.8,فطور، سناك
INT347,فاصوليا سوداء مطهوة,بقوليات,بروتين,قياسي,132,8.9,23.7,0.5,8.7,0.3,1,27,2.1,غداء، عشاء
INT348,لوبيا حمراء مطهوة,بقوليات,بروتين,قياسي,127,8.7,22.8,0.5,7.4,0.3,2,28,2.2,غداء
INT349,فول سوداني مملح (محمص جاف),مكسرات,دهون,قياسي,585,24.0,21.0,49.5,8.0,4.0,410,60,2.2,سناك
INT350,خوخ مجفف (قراصيا),فواكه,فواكه,قياسي,240,2.2,64.0,0.4,7.1,38.0,2,43,0.9,سناك
INT351,توت العليق المجمد,فواكه,فواكه,قياسي,52,1.2,11.9,0.7,6.5,4.4,1,25,0.7,سناك
INT352,مانجو مجمدة,فواكه,فواكه,قياسي,60,0.8,15.0,0.4,1.6,13.7,1,11,0.2,سناك
INT353,أناناس مجمد,فواكه,فواكه,قياسي,50,0.5,13.1,0.1,1.4,9.9,1,13,0.3,سناك
INT356,ماء جوز الهند,مشروبات,فواكه,قياسي,19,0.7,3.7,0.2,1.1,2.6,105,24,0.3,سناك
INT357,شاي ماتشا (بدون سكر),مشروبات,خضار,قياسي,3,0.3,0.5,0.0,0.0,0.0,1,5,0.1,فطور، سناك
INT358,شاي زنجبيل (بدون سكر),مشروبات,خضار,قياسي,2,0.1,0.4,0.0,0.0,0.0,2,2,0.1,فطور، سناك
INT359,قرفة (مشروب ساخن),مشروبات,خضار,قياسي,2,0.1,0.5,0.0,0.0,0.0,1,5,0.1,سناك
INT360,قهوة خضراء,مشروبات,خضار,قياسي,2,0.1,0.4,0.0,0.0,0.0,1,2,0.1,سناك
INT361,شراب الليمون والكمون,مشروبات,خضار,وصفة تقديرية,5,0.2,1.2,0.1,0.5,0.2,10,15,0.5,فطور، سناك
INT362,مهلبية الشوفان (دايت),حلويات,نشويات,وصفة تقديرية,95,4.5,15.0,2.5,2.5,4.5,45,120,0.8,حلوى، فطور
INT363,كيكة الشوفان والموز,حلويات,نشويات,وصفة تقديرية,185,5.5,32.0,6.5,4.5,12.0,120,40,1.2,حلوى، سناك
INT364,بسكويت القمح الكامل,حلويات,نشويات,قياسي,440,7.5,65.0,16.5,6.5,18.0,410,50,2.5,سناك
INT365,شراب التمر الهندي (سكر قليل),مشروبات,فواكه,وصفة تقديرية,65,0.5,16.0,0.1,1.5,14.5,10,25,0.5,سناك
LBY071,رشدة جارية (بالخضار),أطباق تقليدية,نشويات,وصفة تقديرية,145,5.2,26.0,3.5,4.2,2.5,310,22,1.8,غداء، عشاء
LBY072,محمصة ليبية (بالبصلة),أطباق تقليدية,نشويات,وصفة تقديرية,155,5.8,28.5,3.2,3.8,2.8,295,25,1.9,غداء، عشاء
LBY073,عجين ليبى (بالمرق),أطباق تقليدية,نشويات,وصفة تقديرية,160,4.8,32.0,2.1,3.5,1.1,220,18,1.4,غداء
LBY074,طبيخة فاصوليا بيضاء,يخنات,بروتين,وصفة تقديرية,135,9.2,16.5,4.5,6.2,1.2,340,55,3.1,غداء
LBY075,طبيخة بازلاء (بسلة),يخنات,خضار,وصفة تقديرية,110,6.5,14.2,3.8,4.8,3.5,310,32,1.8,غداء
LBY076,طبيخة بطاطا ليبية,يخنات,نشويات,وصفة تقديرية,105,4.2,18.5,2.5,2.1,1.8,280,15,1.2,غداء
LBY077,طبيخة كرسفي (لفت),يخنات,خضار,وصفة تقديرية,75,3.8,10.2,2.8,3.2,2.4,260,45,1.1,غداء
LBY078,مكرونة مبخرة (بدون دهن زائد),مكرونة,نشويات,وصفة تقديرية,165,7.2,25.8,4.5,2.1,1.8,240,20,1.5,غداء
LBY079,أرز بالخلطة (بدون مكسرات مقلية),أطباق أرز,نشويات,وصفة تقديرية,185,6.5,32.4,4.2,1.8,2.5,210,18,1.3,غداء
LBY080,شوربة خضار ليبية بالدجاج,شوربات,خضار,وصفة تقديرية,55,4.8,6.5,1.5,1.8,1.2,250,22,0.9,عشاء، غداء
LBY081,حلبة ليبية (متبل),مقبلات,خضار,وصفة تقديرية,95,4.5,10.2,4.8,3.8,1.1,180,65,2.8,غداء، عشاء
LBY082,سلطة أمك حورية (جزر),سلطات,خضار,وصفة تقديرية,65,1.2,8.5,3.2,2.8,4.2,120,33,0.8,غداء، عشاء، سناك
LBY083,سلطة باذنجان مشوي بالثوم,سلطات,خضار,وصفة تقديرية,45,1.1,6.2,2.1,3.2,2.5,140,18,0.7,غداء، عشاء
LBY084,فول أخضر بالزيت والكمون,بقوليات,بروتين,وصفة تقديرية,115,8.2,14.5,4.2,7.2,1.8,150,38,1.6,فطور، سناك
LBY085,كفتة حوت مشوية,أسماك,بروتين,وصفة تقديرية,145,22.0,2.5,5.5,0.2,0.5,310,45,1.2,غداء، عشاء
INT366,سمك مرجان مشوي,أسماك,بروتين,قياسي,110,21.5,0.0,2.8,0.0,0.0,75,35,0.8,غداء
INT367,سمك دوت (هامور) مشوي,أسماك,بروتين,قياسي,118,24.8,0.0,1.3,0.0,0.0,65,40,0.6,غداء
INT368,سمك ورات (دنيس) مشوي,أسماك,بروتين,قياسي,125,23.5,0.0,3.5,0.0,0.0,68,32,0.5,غداء
INT369,سمك قاروص مشوي,أسماك,بروتين,قياسي,120,24.0,0.0,2.1,0.0,0.0,70,30,0.4,غداء
INT370,سردين طازج مشوي,أسماك,بروتين,قياسي,155,20.5,0.0,8.1,0.0,0.0,110,320,2.5,غداء، فطور
INT371,سمك ماكريل مشوي,أسماك,بروتين,قياسي,205,19.0,0.0,13.9,0.0,0.0,90,15,1.6,غداء
INT373,أخطبوط مسلوق,أسماك,بروتين,قياسي,82,15.0,2.2,1.0,0.0,0.0,230,22,5.3,غداء، عشاء
INT374,جمبري سوتيه (قليل الزيت),أسماك,بروتين,قياسي,105,22.0,1.2,1.8,0.0,0.0,350,65,1.5,غداء، عشاء
INT375,بلح البحر (كوزا) مطهو,أسماك,بروتين,قياسي,172,24.0,7.4,4.5,0.0,0.0,370,33,6.7,غداء، عشاء
INT376,دقيق حمص,مكونات,نشويات,قياسي,387,22.4,57.8,6.7,10.8,10.8,64,45,4.9,فطور، غداء
INT377,دقيق ذرة,مكونات,نشويات,قياسي,361,6.9,76.8,3.9,7.3,0.6,5,7,2.4,غداء، عشاء
INT378,أرز أحمر مطهو,حبوب,نشويات,قياسي,140,3.5,30.0,1.0,3.0,0.5,5,12,1.4,غداء
INT379,أرز بري مطهو,حبوب,نشويات,قياسي,101,4.0,21.0,0.3,1.8,0.7,3,3,0.6,غداء
INT380,فريك مطهو بالمرق,حبوب,نشويات,قياسي,115,5.5,21.0,1.2,6.5,0.2,150,18,1.6,غداء
INT381,سلطة فواكه البحر,سلطات,بروتين,قياسي,95,14.5,3.2,2.8,0.5,1.5,280,35,1.2,غداء، عشاء
INT382,سلطة بطاطس مسلوقة بالبقدونس,سلطات,نشويات,قياسي,85,1.8,16.5,1.5,2.1,1.2,210,15,0.6,غداء، عشاء
INT383,سلطة شمندر بالليمون,سلطات,خضار,قياسي,55,1.5,11.0,0.5,2.8,7.5,75,16,0.8,غداء، عشاء، سناك
INT384,سلطة كول سلو (بدون مايونيز دسم),سلطات,خضار,وصفة تقديرية,65,1.4,9.5,2.5,2.4,5.5,120,40,0.5,غداء، عشاء
INT385,سلطة عدس أسود,سلطات,بروتين,وصفة تقديرية,120,8.5,18.0,1.8,7.5,1.2,180,35,3.1,غداء، عشاء
INT386,خضار سوتيه مشكل,خضروات,خضار,قياسي,55,2.1,8.5,2.2,3.1,3.2,140,38,0.8,غداء، عشاء
INT387,خرشوف (أرضي شوكي) مشوي,خضروات,خضار,قياسي,60,3.5,12.5,1.5,6.5,1.2,90,45,1.5,غداء، عشاء
INT388,كرنب (ملفوف) مطهو,خضروات,خضار,قياسي,23,1.3,5.5,0.1,2.0,2.8,18,48,0.2,غداء، عشاء
INT389,بامية مسلوقة,خضروات,خضار,قياسي,33,1.9,7.5,0.2,3.2,1.5,7,82,0.6,غداء، عشاء
INT390,قرع أحمر مشوي,خضروات,خضار,قياسي,45,1.2,10.5,0.5,1.5,4.5,5,25,0.8,غداء، عشاء
INT391,كرفس مطهو,خضروات,خضار,قياسي,18,0.8,4.0,0.2,1.7,1.8,135,42,0.2,غداء، عشاء
INT392,جزر مسلوق,خضروات,خضار,قياسي,35,0.8,8.2,0.2,3.0,3.5,58,30,0.3,غداء، عشاء
INT393,لفت مسلوق,خضروات,خضار,قياسي,22,0.7,5.1,0.1,2.0,3.0,16,30,0.3,غداء، عشاء
INT394,فجل مطهو,خضروات,خضار,قياسي,20,0.8,4.2,0.1,1.8,2.5,25,25,0.4,غداء، عشاء
INT395,هليون مسلوق,خضروات,خضار,قياسي,20,2.2,3.7,0.1,2.1,1.9,2,24,2.1,غداء، عشاء
INT396,سبانخ بالثوم والليمون,خضروات,خضار,قياسي,45,3.5,4.5,2.5,2.8,0.5,120,130,3.5,غداء، عشاء
INT397,كوسا بالفرن (بدون زيت),خضروات,خضار,قياسي,25,1.2,4.5,0.5,1.2,2.5,10,20,0.4,غداء، عشاء
INT398,بروكلي بالبخار,خضروات,خضار,قياسي,35,2.4,6.6,0.4,2.6,1.7,33,47,0.7,غداء، عشاء
INT399,فاصوليا خضراء سوتيه,خضروات,خضار,قياسي,55,2.0,8.2,2.5,3.4,3.1,150,40,1.1,غداء، عشاء
INT400,بصل مشوي,خضروات,خضار,قياسي,44,1.2,10.1,0.1,1.7,4.3,4,23,0.2,غداء، عشاء
INT401,فلفل حلو مشوي,خضروات,خضار,قياسي,35,1.0,8.2,0.5,2.1,4.5,5,10,0.4,غداء، عشاء
INT402,عش الغراب (مشروم) مسلوق,خضروات,خضار,قياسي,28,2.2,5.3,0.5,2.2,1.5,5,3,0.4,فطور، غداء، عشاء
INT403,ثوم مشوي,خضروات,خضار,قياسي,149,6.4,33.1,0.5,2.1,1.0,17,181,1.7,غداء، عشاء
INT404,يقطين (قرع) مسلوق,خضروات,خضار,قياسي,20,0.7,4.9,0.1,0.5,2.1,1,15,0.6,غداء، عشاء
INT405,بطاطا حلوة مسلوقة,خضروات,نشويات,قياسي,76,1.6,17.7,0.1,2.5,5.7,27,27,0.5,فطور، غداء، سناك
INT406,جبنة قريش (منزوعة الدسم),ألبان,ألبان,قياسي,72,12.4,2.7,1.0,0.0,2.7,405,61,0.1,فطور، عشاء
INT407,زبادي طبيعي (بدون دسم),ألبان,ألبان,قياسي,56,5.7,7.7,0.2,0.0,7.7,77,199,0.1,فطور، عشاء، سناك
INT408,حليب ماعز,ألبان,ألبان,قياسي,69,3.6,4.5,4.1,0.0,4.5,50,134,0.1,فطور، عشاء
INT409,حليب غنم,ألبان,ألبان,قياسي,108,6.0,5.4,7.0,0.0,5.4,44,193,0.1,فطور، عشاء
INT410,لبن خض (طبيعي),ألبان,ألبان,وصفة تقديرية,40,3.3,4.8,0.9,0.0,4.8,105,110,0.1,فطور، غداء، عشاء
INT411,قريشة (جبنة ليبية),ألبان,ألبان,وصفة تقديرية,120,15.0,3.5,5.0,0.0,3.0,380,150,0.2,فطور، عشاء
INT412,بيض سمان مسلوق,بيض,بروتين,قياسي,158,13.1,0.4,11.1,0.0,0.4,141,64,3.7,فطور
INT413,بيض نعام مطهو,بيض,بروتين,قياسي,145,12.5,0.7,10.0,0.0,0.7,150,55,1.5,فطور
INT414,شيا بودينغ (بحليب اللوز),حلويات,دهون,وصفة تقديرية,95,3.5,12.0,4.5,8.5,4.5,40,150,1.8,فطور، حلوى
INT415,مكسرات مشكلة (بدون ملح),مكسرات,دهون,قياسي,607,18.0,21.0,54.0,7.5,4.2,10,120,3.2,سناك
INT416,بندق مشوي,مكسرات,دهون,قياسي,646,15.0,17.6,62.4,9.4,4.9,0,114,4.5,سناك
INT417,جوز البرازيل,مكسرات,دهون,قياسي,656,14.3,12.3,66.4,7.5,2.3,3,160,2.4,سناك
INT418,بذور دوار الشمس (بدون ملح),مكسرات,دهون,قياسي,584,20.8,20.0,51.5,8.6,2.6,9,78,5.3,سناك
INT419,بذور اليقطين مشوية,مكسرات,دهون,قياسي,574,29.8,14.7,49.1,6.5,1.3,7,52,8.1,سناك
INT420,توت أزرق (بلوبيري),فواكه,فواكه,قياسي,57,0.7,14.5,0.3,2.4,10.0,1,6,0.3,سناك
INT421,توت العليق (رازبيري),فواكه,فواكه,قياسي,52,1.2,11.9,0.7,6.5,4.4,1,25,0.7,سناك
INT422,شهد (شمام),فواكه,فواكه,قياسي,34,0.8,8.2,0.2,0.9,7.9,16,9,0.2,سناك
INT423,بخارة (برقوق),فواكه,فواكه,قياسي,46,0.7,11.4,0.3,1.4,9.9,0,6,0.2,سناك
INT424,نكترين,فواكه,فواكه,قياسي,44,1.1,10.6,0.3,1.7,7.9,0,6,0.3,سناك
INT425,كاكا (خرما),فواكه,فواكه,قياسي,70,0.6,18.6,0.2,3.6,12.5,1,8,0.2,سناك
INT426,تين شوكي (هندي),فواكه,فواكه,قياسي,41,0.7,9.6,0.5,3.6,0.0,5,56,0.3,سناك
INT427,بابايا,فواكه,فواكه,قياسي,43,0.5,10.8,0.3,1.7,7.8,8,20,0.3,سناك
INT428,أكي (فواكه استوائية),فواكه,فواكه,قياسي,70,2.0,15.0,5.0,4.0,1.0,10,20,0.5,سناك
INT429,جوز هند (لحم طازج),مكسرات,دهون,قياسي,354,3.3,15.2,33.5,9.0,6.2,20,14,2.4,سناك
INT430,دوم (ثمار),فواكه,نشويات,وصفة تقديرية,150,2.5,35.0,1.0,12.0,15.0,15,50,2.5,سناك
INT431,نبق (سدر),فواكه,نشويات,وصفة تقديرية,105,1.2,25.0,0.5,5.0,18.0,5,30,1.2,سناك
INT432,فشار محضر بالبخار,سناكس,نشويات,قياسي,387,12.9,77.8,5.0,14.5,0.9,8,7,3.2,سناك
INT433,أعشاب بحرية (نوري),خضروات,خضار,قياسي,35,5.8,5.1,0.3,0.3,0.5,48,70,2.0,سناك، غداء
INT434,سلطة ذرة وبقوليات,سلطات,نشويات,وصفة تقديرية,120,5.5,18.5,2.5,5.2,3.5,150,30,1.8,غداء، عشاء
INT435,شوربة قرع عسل (لايت),شوربات,خضار,وصفة تقديرية,45,1.1,8.5,1.2,1.5,3.2,210,25,0.6,عشاء
INT436,يخنة خضار مشكلة,يخنات,خضار,قياسي,55,2.0,9.0,1.5,2.8,3.5,180,35,1.1,غداء، عشاء
INT437,يخنة فطر (مشروم),يخنات,خضار,وصفة تقديرية,45,3.2,5.5,1.8,1.5,1.2,220,10,0.8,غداء، عشاء
INT438,يخنة سبانخ بالليمون,يخنات,خضار,وصفة تقديرية,50,4.0,5.5,2.1,3.2,0.8,190,110,3.2,غداء، عشاء
INT439,شوربة عظام (Bone Broth),شوربات,بروتين,قياسي,15,2.5,0.2,0.5,0.0,0.0,250,15,0.3,فطور، غداء، عشاء
INT440,شاي أعشاب (مرمية/زعتر),مشروبات,خضار,قياسي,1,0.0,0.2,0.0,0.0,0.0,2,5,0.1,سناك، فطور
INT441,عصير شمندر وجزر,مشروبات,خضار,وصفة تقديرية,45,1.1,9.5,0.2,1.8,7.0,55,25,0.8,سناك، فطور
INT442,عصير خضار مشكل (V8),مشروبات,خضار,قياسي,22,1.0,4.5,0.1,0.8,3.5,250,20,0.4,سناك
INT443,كابتشينو بحليب الصويا,مشروبات,ألبان,وصفة تقديرية,45,3.2,4.0,1.8,0.5,3.5,35,80,0.5,فطور، سناك
INT444,لاتيه بحليب اللوز,مشروبات,ألبان,وصفة تقديرية,35,1.5,3.0,2.1,0.4,2.5,45,120,0.3,فطور، سناك
INT445,قهوة مثلجة (بدون سكر),مشروبات,خضار,قياسي,2,0.1,0.4,0.0,0.0,0.0,5,5,0.1,سناك
INT446,مياه منكهة بالفواكه,مشروبات,خضار,قياسي,2,0.0,0.5,0.0,0.0,0.4,5,2,0.0,سناك
INT447,جيلي فواكه طبيعي,حلويات,حلويات,وصفة تقديرية,55,1.2,12.5,0.0,0.5,11.5,25,10,0.1,حلوى، سناك
INT448,سمبوسة فرن (خضار),مقبلات,خضار,وصفة تقديرية,150,4.5,22.0,4.5,2.5,1.8,320,25,1.2,سناك، غداء
INT449,سمبوسة فرن (دجاج),مقبلات,بروتين,وصفة تقديرية,170,9.5,20.0,5.5,1.5,1.2,350,20,1.4,سناك، غداء
INT450,أرز بسمتي بالزعفران,أطباق أرز,نشويات,وصفة تقديرية,135,3.2,28.5,0.8,0.6,0.1,120,15,0.4,غداء